"","Title","Author l-f","ISBN13","Date Borrowed","Year Read","Author","Additional Authors","ISBN10","Number of Pages","Year Published","Original Publication Year","Date Read","User Genre","Fiction Status","User Tags","Ownership Status","Buy?"
"1","Drowned","Bohman, Therese","9781590515259","08/27/2023",2023,NA,NA,NA,NA,NA,NA,NA,NA,NA,NA,NA,NA
"2","Among Others","Walton, Jo",NA,"08/27/2023",2023,NA,NA,NA,NA,NA,NA,NA,NA,NA,NA,NA,NA
"3","The Iron Knight","Kagawa, Julie","9781460800805","08/27/2023",2023,NA,NA,NA,NA,NA,NA,NA,NA,NA,NA,NA,NA
"4","Truly Devious","Johnson, Maureen","9780062338075","08/25/2023",2023,NA,NA,NA,NA,NA,NA,NA,NA,NA,NA,NA,NA
"5","The House Is on Fire","Beanland, Rachel","9781982186166","08/25/2023",2023,NA,NA,NA,NA,NA,NA,NA,NA,NA,NA,NA,NA
"6","The Secret, Book & Scone Society","Adams, Ellery","9781496712394","08/25/2023",2023,NA,NA,NA,NA,NA,NA,NA,NA,NA,NA,NA,NA
"7","The Intruder","Blauner, Peter","9781504072823","08/25/2023",2023,NA,NA,NA,NA,NA,NA,NA,NA,NA,NA,NA,NA
"8","A Game of Fate","Clair, St., Scarlett","9781728258492","08/25/2023",2023,NA,NA,NA,NA,NA,NA,NA,NA,NA,NA,NA,NA
"9","Don't Believe It","Donlea, Charlie","9780786042234","08/25/2023",2023,NA,NA,NA,NA,NA,NA,NA,NA,NA,NA,NA,NA
"10","Restart","Korman, Gordon","9781338053784","08/25/2023",2023,NA,NA,NA,NA,NA,NA,NA,NA,NA,NA,NA,NA
"11","The Iron Daughter","Kagawa, Julie","9781742785639","08/24/2023",2023,NA,NA,NA,NA,NA,NA,NA,NA,NA,NA,NA,NA
"12","The Iron Knight","Kagawa, Julie","9781460800805","08/24/2023",2023,NA,NA,NA,NA,NA,NA,NA,NA,NA,NA,NA,NA
"13","The Iron Queen","Kagawa, Julie","9781742901220","08/23/2023",2023,NA,NA,NA,NA,NA,NA,NA,NA,NA,NA,NA,NA
"14","Oval","Wilk, Elvia","9781593764340","08/23/2023",2023,NA,NA,NA,NA,NA,NA,NA,NA,NA,NA,NA,NA
"15","The Iron King","Kagawa, Julie",NA,"08/23/2023",2023,NA,NA,NA,NA,NA,NA,NA,NA,NA,NA,NA,NA
"16","The Iron Daughter","Kagawa, Julie","9781742785639","08/23/2023",2023,NA,NA,NA,NA,NA,NA,NA,NA,NA,NA,NA,NA
"17","Getting It Right","Arthur, A.M.","9781426899577","08/22/2023",2023,NA,NA,NA,NA,NA,NA,NA,NA,NA,NA,NA,NA
"18","Shine","Maryon, Kate","9780007351961","08/18/2023",2023,NA,NA,NA,NA,NA,NA,NA,NA,NA,NA,NA,NA
"19","Fixers","Thomas, M., Michael","9781612194998","08/16/2023",2023,NA,NA,NA,NA,NA,NA,NA,NA,NA,NA,NA,NA
"20","Codex","Grossman, Lev",NA,"08/16/2023",2023,NA,NA,NA,NA,NA,NA,NA,NA,NA,NA,NA,NA
"21","Aleph","Coelho, Paulo","9780307957016","08/16/2023",2023,NA,NA,NA,NA,NA,NA,NA,NA,NA,NA,NA,NA
"22","Everlasting Lane","Lovett, Andrew","9781612193816","08/16/2023",2023,NA,NA,NA,NA,NA,NA,NA,NA,NA,NA,NA,NA
"23","Among Others","Walton, Jo",NA,"08/16/2023",2023,NA,NA,NA,NA,NA,NA,NA,NA,NA,NA,NA,NA
"24","The Waiting Rooms","Smith, Eve","9781913193270","08/16/2023",2023,NA,NA,NA,NA,NA,NA,NA,NA,NA,NA,NA,NA
"25","Drowned","Bohman, Therese","9781590515259","08/16/2023",2023,NA,NA,NA,NA,NA,NA,NA,NA,NA,NA,NA,NA
"26","Blood and Moonlight","Beaty, Erin","9781250755827","08/16/2023",2023,NA,NA,NA,NA,NA,NA,NA,NA,NA,NA,NA,NA
"27","Oval","Wilk, Elvia","9781593764340","08/16/2023",2023,NA,NA,NA,NA,NA,NA,NA,NA,NA,NA,NA,NA
"28","The Iron King","Kagawa, Julie",NA,"08/16/2023",2023,NA,NA,NA,NA,NA,NA,NA,NA,NA,NA,NA,NA
"29","Getting It Right","Arthur, A.M.","9781426899577","08/16/2023",2023,NA,NA,NA,NA,NA,NA,NA,NA,NA,NA,NA,NA
"30","Guilty","McClintock, Norah","9781554699933","08/16/2023",2023,NA,NA,NA,NA,NA,NA,NA,NA,NA,NA,NA,NA
"31","In the Face of the Sun","Bryce, S., Denny","9781496730114","08/16/2023",2023,NA,NA,NA,NA,NA,NA,NA,NA,NA,NA,NA,NA
"32","Lost in the Moment and Found","McGuire, Seanan","9781250213648","08/16/2023",2023,NA,NA,NA,NA,NA,NA,NA,NA,NA,NA,NA,NA
"33","Don't Believe It","Donlea, Charlie","9780786042234","08/11/2023",2023,NA,NA,NA,NA,NA,NA,NA,NA,NA,NA,NA,NA
"34","The Immortalists","Benjamin, Chloe","9780735213197","03/18/2023",2023,NA,NA,NA,NA,NA,NA,NA,NA,NA,NA,NA,NA
"35","Vanishing Girls","Oliver, Lauren","9780062224125","03/18/2023",2023,NA,NA,NA,NA,NA,NA,NA,NA,NA,NA,NA,NA
"36","One More Thing","Novak, J., B.","9780385351843","03/18/2023",2023,NA,NA,NA,NA,NA,NA,NA,NA,NA,NA,NA,NA
"37","First Light","Stead, Rebecca","9780307495471","03/18/2023",2023,NA,NA,NA,NA,NA,NA,NA,NA,NA,NA,NA,NA
"38","Heroes of the Frontier","Eggers, Dave","9780451493811","03/18/2023",2023,NA,NA,NA,NA,NA,NA,NA,NA,NA,NA,NA,NA
"39","The Immortalists","Benjamin, Chloe","9780735213197","03/04/2023",2023,NA,NA,NA,NA,NA,NA,NA,NA,NA,NA,NA,NA
"40","Vanishing Girls","Oliver, Lauren","9780062224125","03/04/2023",2023,NA,NA,NA,NA,NA,NA,NA,NA,NA,NA,NA,NA
"41","One More Thing","Novak, J., B.","9780385351843","03/04/2023",2023,NA,NA,NA,NA,NA,NA,NA,NA,NA,NA,NA,NA
"42","First Light","Stead, Rebecca","9780307495471","03/04/2023",2023,NA,NA,NA,NA,NA,NA,NA,NA,NA,NA,NA,NA
"43","Heroes of the Frontier","Eggers, Dave","9780451493811","03/04/2023",2023,NA,NA,NA,NA,NA,NA,NA,NA,NA,NA,NA,NA
"44","The Man I Married","Wilkes, Elena","9781912973491","03/02/2023",2023,NA,NA,NA,NA,NA,NA,NA,NA,NA,NA,NA,NA
"45","Bewilderment","Powers, Richard","9780393881158","02/24/2023",2023,NA,NA,NA,NA,NA,NA,NA,NA,NA,NA,NA,NA
"46","Idaho","Ruskovich, Emily","9780812994056","02/24/2023",2023,NA,NA,NA,NA,NA,NA,NA,NA,NA,NA,NA,NA
"47","The Butterfly Girl","Denfeld, Rene","9780062698186","02/24/2023",2023,NA,NA,NA,NA,NA,NA,NA,NA,NA,NA,NA,NA
"48","The Chemist","Meyer, Stephenie","9780316387859","02/24/2023",2023,NA,NA,NA,NA,NA,NA,NA,NA,NA,NA,NA,NA
"49","Awake","Preston, Natasha","9781492618539","02/24/2023",2023,NA,NA,NA,NA,NA,NA,NA,NA,NA,NA,NA,NA
"50","Providence","McGuire, Jamie","9781465932266","02/21/2023",2023,NA,NA,NA,NA,NA,NA,NA,NA,NA,NA,NA,NA
"51","Attachments","Rowell, Rainbow","9781101476345","02/19/2023",2023,NA,NA,NA,NA,NA,NA,NA,NA,NA,NA,NA,NA
"52","Blob","Wishinsky, Frieda","9781554694440","02/19/2023",2023,NA,NA,NA,NA,NA,NA,NA,NA,NA,NA,NA,NA
"53","Witchtown","Oakes, Putman, Cory","9781328698902","02/10/2023",2023,NA,NA,NA,NA,NA,NA,NA,NA,NA,NA,NA,NA
"54","The Freak Observer","Woolston, Blythe",NA,"02/07/2023",2023,NA,NA,NA,NA,NA,NA,NA,NA,NA,NA,NA,NA
"55","No Safety In Numbers","Lorentz, Dayna","9781101585597","02/07/2023",2023,NA,NA,NA,NA,NA,NA,NA,NA,NA,NA,NA,NA
"56","Where Secrets Lie","Gibson, V., Eva","9781534451247","02/07/2023",2023,NA,NA,NA,NA,NA,NA,NA,NA,NA,NA,NA,NA
"57","Ashes","Bick, J., Ilsa","9781512403312","02/07/2023",2023,NA,NA,NA,NA,NA,NA,NA,NA,NA,NA,NA,NA
"58","Unlikely Animals","Hartnett, Annie","9780593160237","02/05/2023",2023,NA,NA,NA,NA,NA,NA,NA,NA,NA,NA,NA,NA
"59","Colorful","Mori, Eto","9781640094437","02/05/2023",2023,NA,NA,NA,NA,NA,NA,NA,NA,NA,NA,NA,NA
"60","Part of the Family","Philby, Charlotte","9780008327002","02/05/2023",2023,NA,NA,NA,NA,NA,NA,NA,NA,NA,NA,NA,NA
"61","After the Sun","Eika, Jonas","9780593329115","02/05/2023",2023,NA,NA,NA,NA,NA,NA,NA,NA,NA,NA,NA,NA
"62","The Dark Net","Percy, Benjamin","9780544750579","02/04/2023",2023,NA,NA,NA,NA,NA,NA,NA,NA,NA,NA,NA,NA
"63","Consent","Lyon, Annabel","9780593318010","02/04/2023",2023,NA,NA,NA,NA,NA,NA,NA,NA,NA,NA,NA,NA
"64","Snowflake","Nealon, Louise","9780063073951","02/04/2023",2023,NA,NA,NA,NA,NA,NA,NA,NA,NA,NA,NA,NA
"65","For Nobody's Eyes Only","Redfern, Nick","9781601635037","02/04/2023",2023,NA,NA,NA,NA,NA,NA,NA,NA,NA,NA,NA,NA
"66","Adrenaline","Abbott, Jeff","9780446575195","01/31/2023",2023,NA,NA,NA,NA,NA,NA,NA,NA,NA,NA,NA,NA
"67","The Third Twin","Follett, Ken","9780307775108","01/31/2023",2023,NA,NA,NA,NA,NA,NA,NA,NA,NA,NA,NA,NA
"68","A Knife Edge","Rollins, David","9780553906233","01/31/2023",2023,NA,NA,NA,NA,NA,NA,NA,NA,NA,NA,NA,NA
"69","Verify","Charbonneau, Joelle","9780062803641","01/29/2023",2023,NA,NA,NA,NA,NA,NA,NA,NA,NA,NA,NA,NA
"70","The Girl Who Wasn't There","Joelson, Penny","9781492698869","01/29/2023",2023,NA,NA,NA,NA,NA,NA,NA,NA,NA,NA,NA,NA
"71","Suggested Reading","Connis, Dave","9780062685278","01/29/2023",2023,NA,NA,NA,NA,NA,NA,NA,NA,NA,NA,NA,NA
"72","Time Bomb","Charbonneau, Joelle","9781328476869","01/28/2023",2023,NA,NA,NA,NA,NA,NA,NA,NA,NA,NA,NA,NA
"73","The Child Finder","Denfeld, Rene","9780062659071","01/28/2023",2023,NA,NA,NA,NA,NA,NA,NA,NA,NA,NA,NA,NA
"74","Death by Bubble Tea","Chow, J., Jennifer","9780593336540","01/28/2023",2023,NA,NA,NA,NA,NA,NA,NA,NA,NA,NA,NA,NA
"75","Unlikely Animals","Hartnett, Annie","9780593160237","01/22/2023",2023,NA,NA,NA,NA,NA,NA,NA,NA,NA,NA,NA,NA
"76","Colorful","Mori, Eto","9781640094437","01/22/2023",2023,NA,NA,NA,NA,NA,NA,NA,NA,NA,NA,NA,NA
"77","Part of the Family","Philby, Charlotte","9780008327002","01/22/2023",2023,NA,NA,NA,NA,NA,NA,NA,NA,NA,NA,NA,NA
"78","After the Sun","Eika, Jonas","9780593329115","01/22/2023",2023,NA,NA,NA,NA,NA,NA,NA,NA,NA,NA,NA,NA
"79","The Dark Net","Percy, Benjamin","9780544750579","01/21/2023",2023,NA,NA,NA,NA,NA,NA,NA,NA,NA,NA,NA,NA
"80","Consent","Lyon, Annabel","9780593318010","01/21/2023",2023,NA,NA,NA,NA,NA,NA,NA,NA,NA,NA,NA,NA
"81","My Not So Perfect Life","Kinsella, Sophie","9780812998276","01/21/2023",2023,NA,NA,NA,NA,NA,NA,NA,NA,NA,NA,NA,NA
"82","Snowflake","Nealon, Louise","9780063073951","01/21/2023",2023,NA,NA,NA,NA,NA,NA,NA,NA,NA,NA,NA,NA
"83","For Nobody's Eyes Only","Redfern, Nick","9781601635037","01/21/2023",2023,NA,NA,NA,NA,NA,NA,NA,NA,NA,NA,NA,NA
"84","Constellations of Eve","Rosewood, Nguyen, Abbigail","9781682831380","01/21/2023",2023,NA,NA,NA,NA,NA,NA,NA,NA,NA,NA,NA,NA
"85","Julie Kagawa","Kagawa, Julie",NA,"01/21/2023",2023,NA,NA,NA,NA,NA,NA,NA,NA,NA,NA,NA,NA
"86","Torn Away","Heneghan, James","9781554695492","01/21/2023",2023,NA,NA,NA,NA,NA,NA,NA,NA,NA,NA,NA,NA
"87","The Leveller","Durango, Julia","9780062314024","01/21/2023",2023,NA,NA,NA,NA,NA,NA,NA,NA,NA,NA,NA,NA
"88","No Exit","Adams, Taylor","9780062875679","01/21/2023",2023,NA,NA,NA,NA,NA,NA,NA,NA,NA,NA,NA,NA
"89","The Girl Who Survived","Jackson, Lisa","9781496737434","01/21/2023",2023,NA,NA,NA,NA,NA,NA,NA,NA,NA,NA,NA,NA
"90","Five Total Strangers","Richards, D., Natalie","9781492657224","01/21/2023",2023,NA,NA,NA,NA,NA,NA,NA,NA,NA,NA,NA,NA
"91","Barney's Version","Richler, Mordecai","9780307813473","01/21/2023",2023,NA,NA,NA,NA,NA,NA,NA,NA,NA,NA,NA,NA
"92","Station Eleven","Mandel, John, St., Emily","9780385353311","01/20/2023",2023,NA,NA,NA,NA,NA,NA,NA,NA,NA,NA,NA,NA
"93","Hot Rocks","Roberts, Nora","9781101171578","01/20/2023",2023,NA,NA,NA,NA,NA,NA,NA,NA,NA,NA,NA,NA
"94","Eleanor Oliphant Is Completely Fine","Honeyman, Gail","9780735220706","01/20/2023",2023,NA,NA,NA,NA,NA,NA,NA,NA,NA,NA,NA,NA
"95","The Operative","Britton, Andrew","9780786032136","01/20/2023",2023,NA,NA,NA,NA,NA,NA,NA,NA,NA,NA,NA,NA
"96","Something in the Water","Steadman, Catherine","9781524797195","01/20/2023",2023,NA,NA,NA,NA,NA,NA,NA,NA,NA,NA,NA,NA
"97","French Braid","Tyler, Anne","9780593321102","01/20/2023",2023,NA,NA,NA,NA,NA,NA,NA,NA,NA,NA,NA,NA
"98","Australia's Security in China's Shadow","Graham, Euan","9781032546605",NA,2023,NA,NA,NA,NA,NA,NA,NA,"defense;australia","non-fiction",NA,NA,NA
"99","The Science of Paintings","Taft, Stanley","9780387987224",NA,2022,NA,NA,NA,NA,NA,NA,NA,NA,"non-fiction",NA,NA,"y"
"100","College: What It Was, Is, And Should Be","Delbanco, Andrew","9780691158297",NA,2023,NA,NA,NA,NA,NA,NA,NA,NA,"non-fiction",NA,NA,NA
"101","The Success of Open Source","Weber, Steven","9780674018587",NA,2022,NA,NA,NA,NA,NA,NA,NA,"computer-science","non-fiction",NA,NA,NA
"102","Kill It With Fire","Bellotti, Marianne","9781718501188",NA,2022,NA,NA,NA,NA,NA,NA,NA,"computer-science","non-fiction",NA,NA,NA
"103","Introduction to Radar Systems","Skolnik, Merrill",NA,NA,2022,NA,NA,"70579091",NA,NA,NA,NA,"physics","non-fiction",NA,"own-physical",NA
"104","Astronomical Algorithms","Meeus, Jean","9780943396613",NA,2023,NA,NA,NA,NA,NA,NA,NA,"astronomy","non-fiction",NA,NA,NA
"105","Visual Explanations","Tufte, Edward",NA,NA,2022,NA,NA,NA,NA,NA,NA,NA,"science;research","non-fiction",NA,NA,NA
"106","Statistical Techniques for Data Analysis","Taylor, John Keenan",NA,NA,2023,NA,NA,"873712501",NA,NA,NA,NA,"data-science","non-fiction",NA,NA,NA
"107","Pattern Classification and Scene Analysis","Duda, Richard",NA,NA,2022,NA,NA,"47122361",NA,NA,NA,NA,"data-science;computer-science","non-fiction",NA,NA,NA
"108","Prediction Machines","Agrawal, Ajay","9781633695672",NA,2023,NA,NA,NA,NA,NA,NA,NA,"data-science;computer-science","non-fiction",NA,NA,NA
"109","Mastering Shiny","Wickham, Hadley","9781492047384",NA,2022,NA,NA,NA,NA,NA,NA,NA,"data-science","non-fiction",NA,NA,NA
"110","Web Scraping for Python","Mitchell, Ryan","9781491910290",NA,2022,NA,NA,NA,NA,NA,NA,NA,"data-science","non-fiction",NA,NA,NA
"111","Deep Learning with Python","Challet, Francois","9781617294433",NA,2023,NA,NA,NA,NA,NA,NA,NA,"data-science","non-fiction",NA,NA,NA
"112","Data Driven Statistical Methods","Sprent, Peter","9780412795404",NA,2023,NA,NA,NA,NA,NA,NA,NA,NA,NA,NA,NA,NA
"113","Ontological Engineering","Gomez-Perez, Asuncion","9781852335519",NA,2022,NA,NA,NA,NA,NA,NA,NA,NA,NA,NA,NA,NA
"114","Artificial Intelligence: 101 Things You Must Know Today About Our Future","Rouhiainen, Lasse","9781982048808",NA,2023,NA,NA,NA,NA,NA,NA,NA,NA,NA,NA,NA,NA
"115","Data Science","Kelleher, John","9780262535434",NA,2022,NA,NA,NA,NA,NA,NA,NA,NA,NA,NA,NA,"y"
"116","Clean Code","Martin, Robert","9780132350884",NA,2023,NA,NA,NA,NA,NA,NA,NA,"computer-science",NA,NA,NA,NA
"117","R Cookbook","Long, J D","9781492040682",NA,2022,NA,NA,NA,NA,NA,NA,NA,NA,NA,NA,NA,NA
"118","Algorithms","Sedgewick, Robert",NA,NA,2023,NA,NA,"201066726",NA,NA,NA,NA,"computer-science",NA,NA,NA,NA
"119","Outstanding User Interfaces with Shiny","Granjon, David","9780367643652",NA,2022,NA,NA,NA,NA,NA,NA,NA,NA,NA,NA,NA,NA
"120","Bayesian Reasoning and Machine Learning","Barber, David","9780521518147",NA,2023,NA,NA,NA,NA,NA,NA,NA,NA,NA,NA,NA,NA
"121","Neural Networks: A Comprehensive Foundation","Haykin, Simon",NA,NA,2022,NA,NA,"23527617",NA,NA,NA,NA,NA,NA,NA,NA,NA
"122","Handbook of Natural Language Processing","Indukhya, Nitin","9781420085921",NA,2022,NA,NA,NA,NA,NA,NA,NA,"computer-science",NA,NA,"own-physical",NA
"123","Pattern Classification","Duda, Richard",NA,NA,2022,NA,NA,"471056693",NA,NA,NA,NA,NA,NA,NA,NA,NA
"124","Essential Statistics","Triola, Mario","9780321924599",NA,2023,NA,NA,NA,NA,NA,NA,NA,NA,NA,NA,NA,NA
"125","Artificial Intelligence: A Modern Approach","Russell, Stuart","9780136042594",NA,2023,NA,"Peter Norvig","0136042597",1152,2009,1994,NA,"data-science","non-fiction","college","own-physical",NA
"126","Data Mining: Practical Machine Learning Tools and Techniques (Morgan Kaufmann Series in Data Management Systems)","Witten, Ian H.","9780128042915",NA,2022,NA,"Eibe Frank, Mark A. Hall, Christopher J. Pal","0128042915",654,2016,1999,NA,"data-science","non-fiction","college","own-physical",NA
"127","An Introduction to Galaxies and Cosmology","Jones, Mark H.","9781107492615",NA,2018,NA,"Robert J. A. Lambourne, Stephen Serjeant","1107492610",450,2015,2004,NA,"astronomy","non-fiction","college","own-physical",NA
"128","The Philosophical Breakfast Club: Four Remarkable Friends Who Transformed Science and Changed the World","Snyder, Laura J.","9780767930482",NA,2018,NA,NA,"0767930487",448,2011,2011,NA,"science","non-fiction","college",NA,"y"
"129","Physics: Volume 1: Asia-Pacific Edition (Physics, #1)","Serway, Raymond A.","9780170189309",NA,2018,NA,"John W. Jewett Jr., Kate  Wilson, Anna Wilson",NA,556,2012,2012,NA,"physics","non-fiction","college","own-physical",NA
"130","Understanding Machine Learning: From Theory To Algorithms","INDIA, CAMBRIDGE","9781107512825",NA,2023,NA,NA,"1107512824",NA,2015,2014,NA,"data-science","non-fiction","college","own-physical",NA
"131","Mathematics for Machine Learning","Deisenroth, Marc","9781108455145",NA,2022,NA,"A. Aldo Faisal, Cheng Soon Ong","110845514X",398,2020,2020,NA,"data-science","non-fiction","college","own-physical",NA
"132","An Introduction to the Sun and Stars","Green, Simon","9.78111e+12",NA,2018,NA,"Mark Jones","1107492637",380,NA,2015,NA,"astronomy","non-fiction","college","own-physical",NA
"133","Elsewhere","Zevin, Gabrielle","9.78031e+12",NA,2016,NA,NA,"312367465",277,2007,2005,NA,NA,NA,NA,NA,NA
"134","An Abundance of Katherines","Green, John","9780525476887",NA,2014,NA,NA,"0525476881",229,2006,2006,NA,NA,NA,NA,NA,NA
"135","Eggs","Spinelli, Jerry","9780316166461",NA,2016,NA,NA,"0316166464",224,2007,2007,NA,NA,NA,NA,NA,NA
"136","Angel Cake","Cassidy, Cathy","9780141384788",NA,2014,NA,NA,"0141384786",224,2009,2009,NA,NA,NA,NA,NA,NA
"137","BOUND (#1 in The Crystor Series)","Bryant, C.K.","9781465791498",NA,2014,NA,NA,NA,NA,2011,2011,NA,NA,NA,NA,NA,NA
"138","Breath of Life (The Gaian Consortium #2)","Pope, Christine",NA,NA,2015,NA,NA,NA,130,2011,2011,NA,NA,NA,NA,NA,NA
"139","Clockwise (Clockwise, #1)","Strauss, Elle","9.78147e+12",NA,2015,NA,NA,"1466440961",285,2015,2011,NA,NA,NA,NA,NA,NA
"140","Deep Blue Secret (The Water Keepers, #1)","Anderson, Christie","9781476298061",NA,2015,NA,NA,"1463768591",358,2012,2011,NA,NA,NA,NA,NA,NA
"141","City of the Falling Sky (Seckry Sequence, #1)","Evans, Joseph","9780957291201",NA,2016,NA,NA,"0957291205",392,2012,2011,NA,NA,NA,NA,NA,NA
"142","Entangled","Clarke, Cat","9.78185e+12",NA,2016,NA,NA,"1849163944",385,2017,2011,NA,NA,NA,NA,NA,NA
"143","A Corner of White (The Colours of Madeleine, #1)","Moriarty, Jaclyn","9780545397360",NA,2014,NA,NA,"0545397367",375,2013,2012,NA,NA,NA,NA,NA,NA
"144","A French Girl in New York (The French Girl #1)","Adams, Anna","9781301560776",NA,2015,NA,NA,NA,362,2013,2012,NA,NA,NA,NA,NA,NA
"145","Barbie Girl (Baby Doll, #1)","Acosta, Heidi","9781301739783",NA,2015,NA,NA,NA,273,2012,2012,NA,NA,NA,NA,NA,NA
"146","A Hairy Tail (A Hairy Tail, #1)","Campbell, Jamie",NA,NA,2015,NA,NA,NA,38,2013,2013,NA,NA,NA,NA,NA,NA
"147","After (After, #1)","Todd, Anna","9781476792484",NA,2015,NA,NA,"1476792488",582,2014,2014,NA,NA,NA,NA,NA,NA
"148","Love, Theoretically","Hazelwood, Ali","9781408725795",NA,NA,NA,NA,"1408725797",389,2023,2023,NA,NA,NA,"to-read",NA,NA
"149","The Do-Over","Park, Suzanne","9780063216051",NA,NA,NA,NA,"0063216051",368,2023,2023,NA,NA,NA,"to-read",NA,NA
"150","Learning SPARQL: Querying and Updating with SPARQL 1.1","DuCharme, Bob","9781449371432",NA,2023,NA,NA,"1449371434",384,2013,2011,NA,"data-science","non-fiction","work","own-physical",NA
"151","Grimm's Fairy Stories","Grimm, Jacob",NA,NA,2014,NA,"Wilhelm Grimm",NA,144,2004,1812,NA,NA,NA,NA,NA,NA
"152","The Complete Poems of John Keats","Keats, John",NA,NA,2021,NA,NA,NA,512,1994,1820,NA,"classical",NA,NA,NA,"y"
"153","The Secret Garden","Burnett, Frances Hodgson","9780517189603",NA,2007,NA,NA,"0517189607",331,1998,1911,NA,NA,NA,NA,NA,"y"
"154","Murder in the Cathedral","Eliot, T.S.","9780156632775",NA,2021,NA,NA,"0156632772",148,1964,1936,NA,"classical",NA,NA,NA,"y"
"155","Blubber","Blume, Judy",NA,NA,2007,NA,NA,NA,127,2006,1974,NA,NA,NA,NA,NA,"y"
"156","Alice's Adventures in Wonderland & Other Stories","Carroll, Lewis","9781435122949",NA,2014,NA,"John Tenniel","1435122941",1165,2010,1982,NA,NA,NA,NA,NA,NA
"157","Letters from the Inside","Marsden, John","9780330397766",NA,2013,NA,NA,"0330397761",144,NA,1991,NA,NA,NA,NA,NA,NA
"158","Gems and Crystals: From the American Museum of Natural History","Harlow, George E.","9780671687045",NA,2020,NA,"Anna S. Sofianides, Harold Van Pelt, Erica Van Pelt","0671687042",208,1991,1991,NA,"science","non-fiction",NA,NA,NA
"159","The Giver (The Giver, #1)","Lowry, Lois","9780385732550",NA,2014,NA,NA,"0385732554",208,2006,1993,NA,NA,NA,NA,NA,NA
"160","Professional Hairdressing: The Official Guide to S/NVQ Level 3","Green, Martin","9781844806973",NA,2021,NA,"Leo Palladino","1844806979",324,2007,1994,NA,NA,"non-fiction",NA,NA,NA
"161","The Reed field guide to New Zealand geology: An introduction to rocks, minerals, and fossils","Thornton, Jocelyn","9780790004051",NA,2021,NA,NA,"0790004054",226,1997,1997,NA,"nature","non-fiction",NA,NA,NA
"162","I am not Esther","Beale, Fleur","9781869799083",NA,2014,NA,NA,NA,NA,2012,1998,NA,NA,NA,NA,NA,"y"
"163","Colorful","Mori, Eto","9786045357255",NA,2023,NA,"Ph∆∞∆°ng Th·∫£o",NA,280,2016,1998,NA,"suspense",NA,NA,NA,NA
"164","The Elegant Universe: Superstrings, Hidden Dimensions, and the Quest for the Ultimate Theory","Greene, Brian","9780393338102",NA,2015,NA,NA,"039333810X",464,2010,1999,NA,"physics","non-fiction",NA,"own-physical",NA
"165","Black Box","Schumacher, Julie","9780385735421",NA,2016,NA,NA,"0385735421",176,2008,2000,NA,NA,NA,NA,NA,NA
"166","Summertime Blues","Clarke, Julia","9780192718716",NA,2013,NA,NA,"0192718711",192,2001,2001,NA,NA,NA,NA,NA,NA
"167","Follow the Blue.","Lowry, Brigid","9783423708548",NA,2014,NA,NA,"3423708549",NA,2004,2001,NA,NA,NA,NA,NA,NA
"168","Exodus (Exodus, #1)","Bertagna, Julie","9780330399081",NA,2013,NA,NA,"033039908X",337,2003,2002,NA,NA,NA,NA,NA,NA
"169","Hidden Empire (The Saga of Seven Suns, #1)","Anderson, Kevin J.","9780446610575",NA,2015,NA,NA,"0446610577",654,2003,2002,NA,NA,NA,NA,NA,NA
"170","Missing Judy","Cassidy, Anne","9780439949989",NA,2015,NA,NA,"043994998X",NA,2006,2002,NA,"thriller;mystery;suspense",NA,NA,NA,NA
"171","Freaky Green Eyes","Oates, Joyce Carol","9780064473484",NA,2014,NA,NA,"0064473481",368,2005,2003,NA,NA,NA,NA,NA,NA
"172","The Secret Language of Girls (The Secret Language of Girls, #1)","Dowell, Frances O'Roark","9781416907176",NA,2013,NA,NA,"1416907173",247,2005,2004,NA,NA,NA,NA,NA,NA
"173","Earth Almanac: A Year of Witnessing the Wild, from the Call of the Loon to the Journey of the Gray Whale","Williams, Ted",NA,NA,2021,NA,"Verlyn Klinkenborg",NA,257,2020,2004,NA,"nature","non-fiction",NA,NA,NA
"174","The Lightning Thief (Percy Jackson and the Olympians, #1)","Riordan, Rick",NA,NA,2014,NA,NA,NA,377,2006,2005,NA,NA,NA,NA,NA,"y"
"175","A Mango-Shaped Space","Mass, Wendy","9780316058254",NA,2014,NA,NA,"0316058254",221,2005,2005,NA,NA,NA,NA,NA,"y"
"176","Indigo Blue","Cassidy, Cathy","9780141317847",NA,2015,NA,NA,"0141317841",185,2005,2005,NA,NA,NA,NA,NA,NA
"177","The Nannies (Nannies, #1)","Mayer, Melody","9780385732833",NA,2017,NA,NA,"038573283X",274,2005,2005,NA,NA,NA,NA,NA,NA
"178","Double duel","Boulicault, Nancy","9782916238012",NA,2021,NA,NA,"2916238018",95,2005,2005,NA,"french",NA,NA,NA,NA
"179","Discount Diva (Zodiac Girls, #3)","Hopkins, Cathy","9780753461310",NA,2012,NA,NA,"0753461315",184,2007,2006,NA,NA,NA,NA,NA,NA
"180","An Urgent Message of Wowness","McCombie, Karen","9781407104386",NA,2013,NA,NA,"0439951143",256,2007,2006,NA,NA,NA,NA,NA,NA
"181","Sensational Spylet (Jane Blonde, #1)","Marshall, Jill",NA,NA,2014,NA,NA,NA,260,2006,2006,NA,NA,NA,NA,NA,NA
"182","Horus Rising (Horus Heresy #1)","Abnett, Dan","9780857870216",NA,2015,NA,NA,NA,412,2010,2006,NA,NA,NA,NA,NA,NA
"183","Nobody's Perfect (Deaf Child Crossing #2)","Matlin, Marlee","9781416949763",NA,2017,NA,NA,"1416949763",240,2007,2006,NA,NA,NA,NA,NA,NA
"184","Sophie's Secret (Whispers, #1)","West, Tara",NA,NA,2014,NA,NA,NA,309,2012,2007,NA,NA,NA,NA,NA,NA
"185","The Melting of Maggie Bean (Maggie Bean, #1)","Rayburn, Tricia","9781416933489",NA,2014,NA,NA,"1416933484",250,2007,2007,NA,NA,NA,NA,NA,"y"
"186","Waves","Dogar, Sharon","9780439871808",NA,2015,NA,NA,"0439871808",344,2007,2007,NA,NA,NA,NA,NA,NA
"187","Summer of Secrets (21st Century Austen, #2)","Rushton, Rosie","9781853409073",NA,2016,NA,NA,"1853409073",176,2007,2007,NA,NA,NA,NA,NA,NA
"188","The Transformation of Minna Hargreaves","Beale, Fleur",NA,NA,2016,NA,NA,NA,194,2012,2007,NA,NA,NA,NA,NA,NA
"189","Art of Reading Minds","Fexeus, Henrik","9781250236401",NA,2020,NA,NA,"1250236401",252,2019,2007,NA,NA,NA,NA,NA,NA
"190","How to Ditch Your Fairy","Larbalestier, Justine","9781599903019",NA,2013,NA,NA,"1599903016",304,2008,2008,NA,NA,NA,NA,NA,NA
"191","The Truth About My Bat Mitzvah","Baskin, Nora Raleigh","9781416935582",NA,2014,NA,NA,"1416935584",144,2008,2008,NA,NA,NA,NA,NA,NA
"192","Gems & Minerals","Landmann, Andreas","9780764330667",NA,2023,NA,NA,"0764330667",176,2008,2008,NA,"nature","non-fiction",NA,NA,NA
"193","Outside In","Keighery, Chrissie","9781921502361",NA,2013,NA,NA,"1921502363",183,2012,2009,NA,NA,NA,NA,NA,NA
"194","Evermore (The Immortals, #1)","Noel, Alyson","9780312532758",NA,2014,NA,NA,"031253275X",301,2009,2009,NA,NA,NA,NA,NA,NA
"195","Open Fire: Battle Boy 1","Carter, Charlie",NA,NA,2014,NA,NA,NA,57,2009,2009,NA,NA,NA,NA,NA,NA
"196","Fill Out This Application and Wait Over There","Starke, Ruth","9781862918474",NA,2014,NA,NA,"1862918473",288,2009,2009,NA,NA,NA,NA,NA,NA
"197","Ice","Durst, Sarah Beth","9781416986430",NA,2014,NA,NA,"141698643X",308,2009,2009,NA,NA,NA,NA,NA,NA
"198","Shine On Daizy Star","Cassidy, Cathy","9780141325194",NA,2014,NA,NA,"0141325194",192,2009,2009,NA,NA,NA,NA,NA,NA
"199","End of the Alphabet","Beale, Fleur",NA,NA,2014,NA,NA,NA,NA,2012,2009,NA,NA,NA,NA,NA,NA
"200","Leftovers","Waldorf, Heather",NA,NA,2015,NA,NA,NA,210,2013,2009,NA,NA,NA,NA,NA,NA
"201","Season of Secrets","Nicholls, Sally","9781407105130",NA,2016,NA,NA,"1407105132",272,2009,2009,NA,NA,NA,NA,NA,NA
"202","The Dark Blue 100-Ride Bus Ticket","Mahy, Margaret","9781869508166",NA,2016,NA,NA,"1869508165",160,2009,2009,NA,NA,NA,NA,NA,NA
"203","Running in Heels","Bailey, Helen","9781444900842",NA,2013,NA,NA,"1444900846",336,2011,2010,NA,NA,NA,NA,NA,NA
"204","The Book of Deacon (The Book of Deacon, #1)","Lallo, Joseph R.","9781470008956",NA,2013,NA,"Nick Deligaris","1470008955",322,2012,2010,NA,NA,NA,NA,NA,NA
"205","Out of My Mind (The Out of My Mind Series)","Draper, Sharon M.","9781416971702",NA,2013,NA,NA,"141697170X",295,2010,2010,NA,NA,NA,NA,NA,NA
"206","Shine","Maryon, Kate","9780007326273",NA,2013,NA,NA,"0007326270",218,2010,2010,NA,NA,NA,NA,NA,"y"
"207","The Iron King (The Iron Fey, #1)","Kagawa, Julie","9780373210084",NA,2013,NA,NA,"0373210086",363,2010,2010,NA,NA,NA,NA,NA,NA
"208","Glimmerglass (Faeriewalker, #1)","Black, Jenna","9780312575939",NA,2014,NA,NA,"0312575939",294,2010,2010,NA,NA,NA,NA,NA,NA
"209","Hollowland (The Hollows, #1)","Hocking, Amanda","9781536897340",NA,2014,NA,NA,"1536897345",330,2016,2010,NA,NA,NA,NA,NA,NA
"210","Oracle","French, Jackie","9780732288402",NA,2014,NA,NA,"0732288401",352,2010,2010,NA,NA,NA,NA,NA,NA
"211","Tempest (Destroyers, #1)","Hook, Holly",NA,NA,2014,NA,NA,NA,307,2017,2010,NA,NA,NA,NA,NA,NA
"212","Fire Burn and Cauldron Bubble (Underworld #1)","Mallory, H.P.",NA,NA,2015,NA,NA,NA,470,2021,2010,NA,NA,NA,NA,NA,NA
"213","Insight (Insight #1; Web of Hearts and Souls #1)","Magee, Jamie",NA,NA,2015,NA,NA,NA,405,2015,2010,NA,NA,NA,NA,NA,NA
"214","The Emerald Talisman (Talisman, #1)","Pandos, Brenda","9780578053394",NA,2015,NA,NA,"057805339X",288,2012,2010,NA,NA,NA,NA,NA,NA
"215","The Mind Readers (Mind Readers, #1)","Brighton, Lori",NA,NA,2015,NA,NA,NA,170,2010,2010,NA,NA,NA,NA,NA,NA
"216","The Queen's Blade (The Queen's Blade, #1)","Southwell, T.C.","2940011160141",NA,2015,NA,NA,NA,339,2010,2010,NA,NA,NA,NA,NA,NA
"217","A Chance for Charity (The Immortal Ones, #1)","Baum, S.L.","9781453778036",NA,2016,NA,NA,"1453778039",304,2010,2010,NA,NA,NA,NA,NA,NA
"218","Voyager, 101 Wonders Between Earth and the Edge of the Cosmos","Clark, Stuart","9781848879461",NA,2020,NA,NA,"1848879466",256,2010,2010,NA,"astronomy","non-fiction",NA,NA,NA
"219","Shift","Bailey, Em","9781405282888",NA,2013,NA,NA,"1405282886",320,2016,2011,NA,NA,NA,NA,NA,NA
"220","Whisper","Keighery, Chrissie","9781921759321",NA,2013,NA,NA,"1921759321",256,2011,2011,NA,NA,NA,NA,NA,NA
"221","Frey (The Frey Saga, #1)","Wright, Melissa",NA,NA,2013,NA,NA,NA,246,2011,2011,NA,NA,NA,NA,NA,NA
"222","Look Into My Eyes (Ruby Redfort, #1)","Child, Lauren","9780007334063",NA,2013,NA,NA,"0007334060",390,2011,2011,NA,NA,NA,NA,NA,NA
"223","Across the Universe (Across the Universe, #1)","Revis, Beth","9781595143976",NA,2013,NA,NA,"1595143971",399,2011,2011,NA,NA,NA,NA,NA,NA
"224","Galdoni (The Galdoni, #1)","Alsop, Cheree",NA,NA,2014,NA,NA,NA,NA,2014,2011,NA,NA,NA,NA,NA,NA
"225","Wide Awake (Academy of the Fallen #1)","Lanzarotta, Daniele",NA,NA,2014,NA,NA,NA,280,2016,2011,NA,NA,NA,NA,NA,NA
"226","Bound (Arelia LaRue, #1)","Saito, Kira","2940032871132",NA,2014,NA,NA,NA,153,2011,2011,NA,NA,NA,NA,NA,NA
"227","Trefoil","Moore, M.C.","9781466459670",NA,2014,NA,NA,"1466459670",234,2011,2011,NA,NA,NA,NA,NA,NA
"228","The Fallen Star (Fallen Star, #1)","Sorensen, Jessica",NA,NA,2014,NA,NA,NA,419,2011,2011,NA,NA,NA,NA,NA,"y"
"229","Eternal Starling (Emblem of Eternity, #1)","Corbett, Angela",NA,NA,2015,NA,NA,NA,NA,NA,2011,NA,NA,NA,NA,NA,NA
"230","Finding Mr Flood","Geraghty, Ciara","9781444757811",NA,2015,NA,NA,"1444757814",572,2012,2011,NA,NA,NA,NA,NA,NA
"231","Grey Eyes (The Forever Trilogy, #1)","Alston, Alston",NA,NA,2015,NA,NA,NA,640,2011,2011,NA,NA,NA,NA,NA,NA
"232","Hidden Gem (Hidden Gem, #1)","Lee, India","9781458196330",NA,2015,NA,NA,NA,NA,2011,2011,NA,NA,NA,NA,NA,NA
"233","Parallel (Travelers, #1)","Lefeve, Claudia",NA,NA,2015,NA,NA,NA,266,2011,2011,NA,NA,NA,NA,NA,NA
"234","Stained (Stained, #1)","James, Ella",NA,NA,2015,NA,NA,NA,254,2011,2011,NA,NA,NA,NA,NA,NA
"235","Stray (Touchstone, #1)","H√∂st, Andrea K.",NA,NA,2015,NA,NA,NA,273,2011,2011,NA,NA,NA,NA,NA,NA
"236","Winterborne (Universe Unbound, #1)","Blythe, Augusta",NA,NA,2015,NA,NA,NA,372,2019,2011,NA,NA,NA,NA,NA,NA
"237","Crossroads (Crossroads Saga, #1)","Ting, Mary","9781937085766",NA,2015,NA,NA,"1937085767",315,2011,2011,NA,NA,NA,NA,NA,NA
"238","Madly (Madly, #1)","Leighton, Michelle",NA,NA,2015,NA,NA,NA,57,2011,2011,NA,NA,NA,NA,NA,NA
"239","Wander Dust (The Seraphina Parrish Trilogy, #1)","Warren, Michelle","9780984662104",NA,2015,NA,NA,"0984662103",374,2011,2011,NA,NA,NA,NA,NA,NA
"240","Water (Akasha, #1)","Harmony, Terra",NA,NA,2015,NA,NA,NA,279,2011,2011,NA,NA,NA,NA,NA,NA
"241","Shatter Me (Shatter Me, #1)","Mafi, Tahereh","9780062085481",NA,2015,NA,NA,"0062085484",338,2011,2011,NA,NA,NA,NA,NA,NA
"242","Oddily (Oddily, #1)","Pohring, Linda","9781460985960",NA,2015,NA,NA,NA,264,2011,2011,NA,NA,NA,NA,NA,NA
"243","Rebirth (Rogues Shifter #1)","Parness, Gayle",NA,NA,2016,NA,NA,NA,NA,2012,2011,NA,NA,NA,NA,NA,NA
"244","Time's Daughter","Breton, Anya","9781476136035",NA,2016,NA,NA,NA,NA,2012,2011,NA,NA,NA,NA,NA,NA
"245","UnEnchanted (An Unfortunate Fairy Tale, #1)","Hahn, Chanda",NA,NA,2016,NA,NA,NA,235,2011,2011,NA,NA,NA,NA,NA,NA
"246","Verity (Cursed, #1)","Farrell, Claire",NA,NA,2016,NA,NA,NA,251,2011,2011,NA,NA,NA,NA,NA,NA
"247","Wayward","Girardi, Ashley","9781458137555",NA,2016,NA,NA,NA,NA,2011,2011,NA,NA,NA,NA,NA,NA
"248","Anathema (Causal Enchantment, #1)","Tucker, K.A.","9780986915505",NA,2016,NA,NA,"0986915505",284,2011,2011,NA,NA,NA,NA,NA,NA
"249","Raven (The Raven Saga, #1)","Turner, Suzy",NA,NA,2016,NA,NA,NA,273,2011,2011,NA,NA,NA,NA,NA,NA
"250","Redemption (Redemption, #1)","Ryals, R.K.","9781466392502",NA,2016,NA,NA,"1466392509",340,2011,2011,NA,NA,NA,NA,NA,NA
"251","The Rock Star's Daughter (Treadwell Academy, #1)","Duffy, Caitlyn","9780983398035",NA,2016,NA,NA,"0983398038",318,2011,2011,NA,NA,NA,NA,NA,NA
"252","The Girl Who Disappeared Twice (Forensic Instincts, Book 1)","Kane, Andrea",NA,NA,2017,NA,NA,NA,394,2011,2011,NA,NA,NA,NA,NA,NA
"253","Triple Ripple: A Fabulous Fairytale","Lowry, Brigid","9781742692661",NA,2017,NA,NA,"1742692664",252,2011,2011,NA,NA,NA,NA,NA,NA
"254","Awakening (The Watchers, #1)","Bolton, Karice","9780615535180",NA,2017,NA,NA,"0615535186",312,2011,2011,NA,NA,NA,NA,NA,NA
"255","Eternal Eden (Eden Trilogy, #1)","Williams, Nicole",NA,NA,2017,NA,NA,NA,394,2011,2011,NA,NA,NA,NA,NA,NA
"256","Hidden Alaska: Bristol Bay and Beyond","Atcheson, Dave","9781426207709",NA,2021,NA,"Michael Melford","1426207700",160,2011,2011,NA,"nature","non-fiction",NA,NA,NA
"257","Shadows of the Realm (The Circle of Talia #1)","Lister, Dionne","9780987307866",NA,2013,NA,NA,"098730786X",348,2012,2012,NA,NA,NA,NA,NA,NA
"258","Midnight Fire (Rise of the Dark Angel, #1)","Anne, Melody",NA,NA,2014,NA,NA,NA,253,2012,2012,NA,NA,NA,NA,NA,NA
"259","Silence (Silence, #1)","Preston, Natasha",NA,NA,2014,NA,NA,NA,206,2012,2012,NA,NA,NA,NA,NA,NA
"260","In Your Dreams (In Your Dreams #1)","Martin, Amy",NA,NA,2015,NA,NA,NA,NA,2012,2012,NA,NA,NA,NA,NA,NA
"261","Sovereign Hope (The Hope Series #1)","Rose, Frankie",NA,NA,2015,NA,NA,NA,393,2012,2012,NA,NA,NA,NA,NA,NA
"262","Whispers of the Damned (Ghost Games, #1)","Magee, Jamie",NA,NA,2015,NA,NA,NA,189,2013,2012,NA,NA,NA,NA,NA,NA
"263","Evolution (Evolution, #1)","Carrero, Kelly",NA,NA,2015,NA,NA,NA,219,2012,2012,NA,NA,NA,NA,NA,NA
"264","Perception (The Perception Trilogy #1)","Strauss, Lee",NA,NA,2015,NA,NA,NA,312,2016,2012,NA,NA,NA,NA,NA,NA
"265","Snow White and the 7 Vampire Hunters","Halstead, Kat","9781465850782",NA,2015,NA,NA,NA,15,2012,2012,NA,NA,NA,NA,NA,NA
"266","The Girl in the Converse Shoes","Garcia, Yaritza",NA,NA,2015,NA,NA,NA,10,2012,2012,NA,NA,NA,NA,NA,NA
"267","The New Girl(Webster Grove #1)","Puckett, Tracie","9781523804191",NA,2015,NA,NA,"152380419X",122,2012,2012,NA,NA,NA,NA,NA,NA
"268","Summer of My Secret Angel","Shelly, Piper",NA,NA,2015,NA,"Anna Katmore",NA,474,2013,2012,NA,NA,NA,NA,NA,NA
"269","Eleanor & Park","Rowell, Rainbow","9781250012579",NA,2015,NA,NA,"1250012570",328,2013,2012,NA,NA,NA,NA,NA,NA
"270","Marking Time (The Immortal Descendants, #1)","White, April",NA,NA,2016,NA,NA,NA,448,2022,2012,NA,NA,NA,NA,NA,NA
"271","The Iron Butterfly (Iron Butterfly #1)","Hahn, Chanda","9781475070378",NA,2016,NA,NA,"1475070373",278,2012,2012,NA,NA,NA,NA,NA,NA
"272","The Light Tamer","Dawson, Devyn","9781476279503",NA,2016,NA,NA,NA,NA,2012,2012,NA,NA,NA,NA,NA,NA
"273","Better Than Chocolate (Life in Icicle Falls, #1)","Roberts, Sheila","9780778313458",NA,2016,NA,NA,"077831345X",372,2012,2012,NA,NA,NA,NA,NA,NA
"274","The Game (The Game is Life, #1)","Schott, Terry",NA,NA,2016,NA,NA,NA,289,2012,2012,NA,NA,NA,NA,NA,NA
"275","Wanted (Wanted, #1)","Elliott, Kelly","9781452665528",NA,2016,NA,"Nelson Hobbs, Arika Rapson","1452665524",NA,2013,2012,NA,NA,NA,NA,NA,NA
"276","Wake (Watersong, #1)","Hocking, Amanda","9781250005649",NA,2017,NA,NA,"1250005647",309,2013,2012,NA,NA,NA,NA,NA,NA
"277","Alone (The Girl in the Box, #1)","Crane, Robert J.",NA,NA,2017,NA,NA,NA,166,2012,2012,NA,NA,NA,NA,NA,NA
"278","Barefoot Season (Blackberry Island, #1)","Mallery, Susan","9780778313380",NA,2017,NA,NA,"0778313387",368,2012,2012,NA,NA,NA,NA,NA,NA
"279","Freaks Like Us","Vaught, Susan","9781599908724",NA,2017,NA,NA,"1599908727",240,2012,2012,NA,NA,NA,NA,NA,NA
"280","Shadowfell (Shadowfell, #1)","Marillier, Juliet","9780375869549",NA,2017,NA,NA,"0375869549",410,2012,2012,NA,NA,NA,NA,NA,NA
"281","The Selection (The Selection, #1)","Cass, Kiera","9780062059932",NA,2017,NA,NA,"0062059939",336,2012,2012,NA,NA,NA,NA,NA,"y"
"282","Small Town Superhero (Small Town Superhero, #1)","Alsop, Cheree",NA,NA,2013,NA,NA,NA,278,2014,2013,NA,NA,NA,NA,NA,NA
"283","Free From the Tracks","Bowes, K.T.",NA,NA,2013,NA,NA,NA,NA,2013,2013,NA,NA,NA,NA,NA,NA
"284","Invisible (Invisible, #1)","Paterson, Cecily Anne",NA,NA,2014,NA,NA,NA,270,2013,2013,NA,NA,NA,NA,NA,NA
"285","Rumors (Lingering Echoes, #0.5)","Kiefer, Erica","9781940534367",NA,2014,NA,NA,"1940534364",237,2013,2013,NA,NA,NA,NA,NA,NA
"286","Saving Wishes (Wishes, #1)","Walker-Smith, G.J.","9780987484512",NA,2014,NA,NA,"0987484516",368,2013,2013,NA,NA,NA,NA,NA,NA
"287","Planet Urth (Planet Urth, #1)","Martucci, Jennifer",NA,NA,2014,NA,NA,NA,284,NA,2013,NA,NA,NA,NA,NA,NA
"288","Mindspeak","Sunseri, Heather","9780988715301",NA,2015,NA,NA,"0988715309",NA,2013,2013,NA,NA,NA,NA,NA,NA
"289","BlackMoon Beginnings (Prophesized, #1)","Hoyt, Kaitlyn",NA,NA,2015,NA,NA,NA,248,2013,2013,NA,NA,NA,NA,NA,NA
"290","Imperfect","Chan, Tina",NA,NA,2015,NA,NA,NA,NA,2013,2013,NA,NA,NA,NA,NA,NA
"291","Jaded (Rock Star trilogy, #1)","Amare, Mercy",NA,NA,2015,NA,NA,NA,243,2013,2013,NA,NA,NA,NA,NA,NA
"292","When We Wake (When We Wake, #1)","Healey, Karen","9780316200769",NA,2015,NA,NA,"031620076X",304,2013,2013,NA,NA,NA,NA,NA,NA
"293","Young Annabelle (Y.A #1)","Tork, Sarah",NA,NA,2015,NA,NA,NA,227,2013,2013,NA,NA,NA,NA,NA,NA
"294","Close Your Pretty Eyes","Nicholls, Sally","9781407124322",NA,2016,NA,NA,"1407124323",292,2013,2013,NA,NA,NA,NA,NA,NA
"295","Dangerous (Dangerous Trilogy, #1)","Daniels, Suzannah",NA,NA,2016,NA,NA,NA,214,2013,2013,NA,NA,NA,NA,NA,NA
"296","It's Complicated","Smith, Laura L.",NA,NA,2016,NA,NA,NA,NA,2013,2013,NA,NA,NA,NA,NA,NA
"297","Perfectly Flawed (Flawed, #1)","Morgan, Nessa","9781311533586",NA,2016,NA,NA,NA,644,2013,2013,NA,NA,NA,NA,NA,NA
"298","Split Second","McKenzie, Sophie","9781471115998",NA,2016,NA,NA,"1471115992",368,2014,2013,NA,NA,NA,NA,NA,NA
"299","The Fab Life (The Kihanna Saga, #1)","Amare, Mercy",NA,NA,2016,NA,NA,NA,297,2013,2013,NA,NA,NA,NA,NA,NA
"300","Unbreakable (Unbreakable, #1)","Shea, Rebecca","9781489553201",NA,2016,NA,NA,"1489553207",314,2013,2013,NA,NA,NA,NA,NA,NA
"301","Jump (Twinmaker, #1)","Williams, Sean","9781743315866",NA,2017,NA,NA,"1743315864",416,2013,2013,NA,NA,NA,NA,NA,NA
"302","Tesla (Tesla Evolution #1)","Lingane, Mark","9780992377946",NA,2017,NA,NA,NA,284,2013,2013,NA,NA,NA,NA,NA,NA
"303","Fox 8","Saunders, George","9780812995329",NA,2021,NA,NA,"0812995325",21,2013,2013,NA,NA,NA,NA,NA,"y"
"304","Orientation (The Commorancy, #1)","Line, Al K.",NA,NA,2014,NA,NA,NA,345,2014,2014,NA,NA,NA,NA,NA,NA
"305","I Know Lucy (A Fugitive #1)","Pearl, Melissa",NA,NA,2014,NA,NA,NA,228,2014,2014,NA,NA,NA,NA,NA,NA
"306","The Problem with Crazy (Crazy In Love, #1)","McKellar, Lauren K.","9780992452414",NA,2014,NA,NA,"0992452414",296,2014,2014,NA,NA,NA,NA,NA,NA
"307","Frozen Charlotte: A Ghost Story","Bell, Alex","9781338129380",NA,2015,NA,NA,"1338129384",297,2016,2014,NA,NA,NA,NA,NA,NA
"308","Never Forgotten (Never Forgotten, #1)","Risser, Kelly","9781940534534",NA,2015,NA,NA,NA,380,2014,2014,NA,NA,NA,NA,NA,NA
"309","Night Vision","West, Ella","9781743317662",NA,2016,NA,NA,"1743317662",180,2014,2014,NA,NA,NA,NA,NA,NA
"310","The Academy - Thief: Volume 1 (The Scarab Beetle Series) by C. L. Stone (2014-03-26)","Stone, C.L.",NA,NA,2016,NA,NA,NA,NA,2014,2014,NA,NA,NA,NA,NA,NA
"311","Bound (Forbidden, #1)","Anne, Melody","9781500395445",NA,2016,NA,NA,"1500395447",484,2014,2014,NA,NA,NA,NA,NA,NA
"312","Breaking Rules (Breaking, #1)","Puckett, Tracie",NA,NA,2016,NA,NA,NA,250,2014,2014,NA,NA,NA,NA,NA,NA
"313","Ice (The Poseidon's Girls Trilogy Book 1)","Watson, M.S.",NA,NA,2016,NA,NA,NA,163,2014,2014,NA,NA,NA,NA,NA,NA
"314","The Secret Diamond Sisters (The Secret Diamond Sisters, #1)","Madow, Michelle","9780373211098",NA,2016,NA,NA,"0373211090",382,2014,2014,NA,NA,NA,NA,NA,NA
"315","The Intern (The Intern, #1)","Tozer, Gabrielle","9780732297053",NA,2017,NA,NA,"0732297052",327,2014,2014,NA,NA,NA,NA,NA,NA
"316","Evensong (Meratis Trilogy, #1)","Walsh, Krista",NA,NA,2017,NA,NA,NA,317,2014,2014,NA,NA,NA,NA,NA,NA
"317","The Walker's Guide to Outdoor Clues and Signs","Gooley, Tristan",NA,NA,2020,NA,NA,"1444780107",438,2014,2014,NA,"nature","non-fiction",NA,NA,"y"
"318","A History of America in Thirty-Six Postage Stamps","West, Chris","9781250043689",NA,2021,NA,NA,"1250043689",352,2014,2014,NA,"history","non-fiction",NA,NA,NA
"319","Opulent Oceans: Extraordinary Rare Book Selections from the American Museum of Natural History Library (Natural Histories)","Stiassny, Melanie L.J.","9781454913412",NA,2021,NA,NA,"145491341X",176,2014,2014,NA,"nature","non-fiction",NA,NA,NA
"320","The Snowden Files: The Inside Story of the World's Most Wanted Man","Harding, Luke","9780804173520",NA,2021,NA,NA,"0804173524",333,2014,2014,NA,"history;biography","non-fiction",NA,NA,NA
"321","The Gifting (Gifting #1)","Ganshert, K.E.",NA,NA,2015,NA,"Heather Masters",NA,NA,2016,2015,NA,NA,NA,NA,NA,NA
"322","Diary of a Fat Girl (Burn Diaries Book 1)","Mugweni, Moira",NA,NA,2016,NA,NA,NA,242,2018,2015,NA,NA,NA,NA,NA,NA
"323","The Ones We Trust","Belle, Kimberly",NA,NA,2017,NA,NA,NA,301,2015,2015,NA,NA,NA,NA,NA,NA
"324","Spectacle","Pierce, S.J.",NA,NA,2017,NA,NA,NA,NA,2015,2015,NA,NA,NA,NA,NA,NA
"325","Remembering Christchurch","Parr, Alison","9780143573371",NA,2021,NA,NA,NA,256,2015,2015,NA,"history;new-zealand","non-fiction",NA,NA,"y"
"326","Visual Intelligence: Sharpen Your Perception, Change Your Life","Herman, Amy E.",NA,NA,2021,NA,NA,NA,341,2016,2015,NA,"productivity","non-fiction",NA,NA,"y"
"327","Seeking New York","Miller, Tom","9781910258002",NA,2021,NA,NA,"1910258008",256,2015,2015,NA,"history","non-fiction",NA,NA,"y"
"328","The Book of Samurai: The Fundamental Teachings","Cummins, Antony","9781780288888",NA,2021,NA,"Yoshie Minami","1780288883",544,2015,2015,NA,NA,"non-fiction",NA,NA,"y"
"329","The Leveller (The Leveller, #1)","Durango, Julia","9780062314000",NA,2023,NA,NA,"0062314009",256,2015,2015,NA,NA,NA,NA,NA,NA
"330","Never Never","Hoover, Colleen","9781335004888",NA,2016,NA,"Tarryn Fisher","1335004882",416,2023,2016,NA,NA,NA,NA,NA,NA
"331","Harry Potter and the Cursed Child: Parts One and Two (Harry Potter, #8)","Rowling, J.K.",NA,NA,2021,NA,"Jack Thorne, John Tiffany",NA,343,2016,2016,NA,NA,NA,NA,NA,NA
"332","The Barber Book","Press, Phaidon","9780714871042",NA,2021,NA,NA,"0714871044",192,2016,2016,NA,NA,"non-fiction",NA,NA,NA
"333","Dark Matter","Crouch, Blake","9781101904220",NA,2023,NA,NA,"1101904224",352,2016,2016,NA,"thriller",NA,NA,NA,NA
"334","The Chalk Artist","Goodman, Allegra",NA,NA,2020,NA,NA,NA,352,2017,2017,NA,NA,NA,NA,NA,NA
"335","Idaho","Ruskovich, Emily",NA,NA,2021,NA,NA,NA,320,2017,2017,NA,NA,NA,NA,NA,"y"
"336","The Rise and Fall of D.O.D.O. (D.O.D.O., #1)","Stephenson, Neal","9780062409164",NA,2021,NA,"Nicole Galland","0062409166",752,2017,2017,NA,NA,NA,NA,NA,NA
"337","Waking Gods (Themis Files, #2)","Neuvel, Sylvain","9781101886724",NA,2021,NA,NA,"1101886722",336,2017,2017,NA,NA,NA,NA,NA,NA
"338","A Conspiracy in Belgravia (Lady Sherlock, #2)","Thomas, Sherry",NA,NA,2021,NA,NA,NA,NA,2017,2017,NA,NA,NA,NA,NA,NA
"339","Calling Major Tom","Barnett, David M.",NA,NA,2021,NA,NA,NA,338,2017,2017,NA,NA,NA,NA,NA,NA
"340","No One Can Pronounce My Name","Satyal, Rakesh",NA,NA,2021,NA,NA,NA,402,2017,2017,NA,NA,NA,NA,NA,NA
"341","Eleanor Oliphant Is Completely Fine","Honeyman, Gail","9780008172145",NA,2023,NA,NA,"0008172145",390,2018,2017,NA,NA,NA,NA,NA,NA
"342","The Child Finder (Naomi Cottle, #1)","Denfeld, Rene","9780062659057",NA,2023,NA,NA,"0062659057",274,2017,2017,NA,NA,NA,NA,NA,NA
"343","Calculated Deception (The Calculated, #1)","Lee, K.T.","9781947870000",NA,2023,NA,NA,"1947870009",258,2017,2017,NA,"thriller;mystery;suspense",NA,NA,NA,NA
"344","Ways to Hide in Winter","Vincent, Sarah St.",NA,NA,2020,NA,NA,NA,233,2018,2018,NA,NA,NA,NA,NA,"y"
"345","The Skeptics' Guide to the Universe: How to Know What's Really Real in a World Increasingly Full of Fake","Novella, Steven","9781538760536",NA,2020,NA,"Bob Novella, Cara Santa Maria, Jay Novella, Evan Bernstein","1538760533",512,2018,2018,NA,"science","non-fiction",NA,NA,NA
"346","Foe","Reid, Iain","9781501103476",NA,2021,NA,NA,"1501103474",224,2018,2018,NA,NA,NA,NA,NA,NA
"347","The Perils of Perception: Why We're Wrong About Nearly Everything","Duffy, Bobby",NA,NA,2021,NA,NA,NA,320,2018,2018,NA,"productivity","non-fiction",NA,NA,NA
"348","You Were Made for This","Sacks, Michelle","9780316475402",NA,2021,NA,NA,"0316475408",341,2018,2018,NA,"thriller;mystery;suspense",NA,NA,NA,NA
"349","Time Bomb","Charbonneau, Joelle","9780544416703",NA,2023,NA,NA,"0544416708",340,2018,2018,NA,"suspense;mystery",NA,NA,NA,NA
"350","Emily Eternal","Wheaton, M.G.","9781538730393",NA,2020,NA,NA,"1538730391",304,2019,2019,NA,NA,NA,NA,NA,NA
"351","Guestbook: Ghost Stories","Shapton, Leanne","9781846144936",NA,2020,NA,NA,"1846144930",305,2019,2019,NA,NA,NA,NA,NA,NA
"352","Platform Seven","Doughty, Louise","9780571321940",NA,2020,NA,NA,"0571321941",448,2019,2019,NA,NA,NA,NA,NA,NA
"353","Middlegame (Alchemical Journeys, #1)","McGuire, Seanan","9781250223357",NA,2021,NA,"Amber Benson",NA,18,2019,2019,NA,NA,NA,NA,NA,"y"
"354","10 Minutes 38 Seconds in This Strange World","Shafak, Elif","9780241293867",NA,2021,NA,NA,"0241293863",312,2019,2019,NA,NA,NA,NA,NA,NA
"355","The Daughters of Temperance Hobbs (The Physick Book, #2)","Howe, Katherine","9781250304865",NA,2021,NA,NA,"1250304865",338,2019,2019,NA,NA,NA,NA,NA,"y"
"356","Under the Water","Pen, Paul","9781542042062",NA,2021,NA,"Simon Bruni","1542042062",313,2019,2019,NA,"thriller;mystery;suspense",NA,NA,NA,"y"
"357","The Heavens","Newman, Sandra","9781783784844",NA,2021,NA,NA,"1783784849",272,2019,2019,NA,NA,NA,NA,NA,NA
"358","Triangulum","Ntshanga, Masande","9781937512774",NA,2021,NA,NA,"1937512770",384,2019,2019,NA,NA,NA,NA,NA,NA
"359","Gamechanger (The Bounceback, #1)","Beckett, L.X.",NA,NA,2021,NA,NA,NA,576,2019,2019,NA,NA,NA,NA,NA,NA
"360","Lights All Night Long","Fitzpatrick, Lydia","9780525558750",NA,2021,NA,NA,"0525558756",340,2020,2019,NA,NA,NA,NA,NA,NA
"361","Zed","Kavenna, Joanna",NA,NA,2021,NA,NA,NA,352,2019,2019,NA,NA,NA,NA,NA,NA
"362","Dead Astronauts (Borne, #2)","VanderMeer, Jeff",NA,NA,2021,NA,NA,NA,352,2019,2019,NA,NA,NA,NA,NA,NA
"363","The Dreamers","Walker, Karen Thompson","9780812994162",NA,2021,NA,NA,"0812994167",303,2019,2019,NA,NA,NA,NA,NA,NA
"364","Face of Death (Zoe Prime #1)","Gold, Stella",NA,NA,2023,NA,"Blake Pierce",NA,226,2019,2019,NA,NA,NA,NA,NA,NA
"365","Echoes of Another","Clarke, Chandra","9780973039580",NA,2020,NA,NA,NA,355,2020,2020,NA,NA,NA,NA,NA,NA
"366","The Butterfly Lampshade","Bender, Aimee",NA,NA,2020,NA,NA,NA,255,2020,2020,NA,NA,NA,NA,NA,NA
"367","Bubblegum","Levin, Adam","9780593169346",NA,2021,NA,"Mark Deakins, Michael Crouch, Julia Whelan","0593169344",36,2020,2020,NA,NA,NA,NA,NA,NA
"368","American Sherlock: Murder, Forensics, and the Birth of American CSI","Dawson, Kate Winkler","9780525539551",NA,2021,NA,NA,"0525539557",336,2020,2020,NA,"history;biography","non-fiction",NA,NA,"y"
"369","Coming Up for Air","Leipciger, Sarah","9781487006501",NA,2021,NA,NA,"1487006500",320,2020,2020,NA,NA,NA,NA,NA,NA
"370","The Lightness","Temple, Emily",NA,NA,2021,NA,NA,NA,275,2020,2020,NA,NA,NA,NA,NA,NA
"371","2084 Video Study: Artificial Intelligence and the Future of Humanity","Lennox, John C.","9780310109600",NA,2021,NA,NA,"0310109604",NA,2020,2020,NA,NA,"non-fiction",NA,NA,NA
"372","Not Born Yesterday: The Science of Who We Trust and What We Believe","Mercier, Hugo","9780691178707",NA,2021,NA,NA,"0691178704",384,2020,2020,NA,"productivity","non-fiction",NA,NA,NA
"373","A Star Is Bored","Lane, Byron","9781250266491",NA,2021,NA,NA,"1250266491",343,2020,2020,NA,NA,NA,NA,NA,NA
"374","Reality and Other Stories","Lanchester, John","9780393540918",NA,2021,NA,NA,"039354091X",192,2021,2020,NA,NA,NA,NA,NA,NA
"375","Five Total Strangers","Richards, Natalie D.",NA,NA,2023,NA,NA,NA,299,NA,2020,NA,"thriller",NA,NA,NA,"y"
"376","Vera Rubin: A Life","Mitton, Jacqueline","9780674919198",NA,2021,NA,"Simon Mitton, Jocelyn Bell Burnell","067491919X",320,2021,2021,NA,"history;biography;astronomy","non-fiction",NA,NA,"y"
"377","One Night, New York","Thompson, Lara","9781643138398",NA,2021,NA,NA,"1643138391",336,2021,2021,NA,NA,NA,NA,NA,NA
"378","Driftwood","Cassidy, Cathy",NA,NA,2013,NA,NA,NA,NA,NA,2011,NA,NA,NA,NA,NA,NA
"379","Ignite (Project Integrate, #0.5)","Campbell, Jamie",NA,NA,2015,NA,NA,NA,48,2013,2013,NA,NA,NA,NA,NA,NA
"380","Insanity (Mad in Wonderland - Alice Wonder series) Books 1 - 5","Jace, Cameron",NA,NA,2015,NA,NA,NA,1386,2018,2014,NA,NA,NA,NA,NA,NA
"381","Stargazing for Dummies","Owens, Steve","9781118411575",NA,2018,NA,NA,"1118411579",352,2013,2013,NA,"astronomy","non-fiction",NA,"own-physical",NA
"382","Reading the Clouds: How You Can Forecast the Weather","Perkins, Oliver","9781472960184",NA,2020,NA,"Tom Cunliffe, Duncan Wells","1472960181",128,2019,2019,NA,"nature","non-fiction",NA,NA,NA
"383","The Tree","Woldendorp, Richard","9781925591699",NA,2020,NA,NA,"1925591697",144,2019,2013,NA,"nature","non-fiction",NA,NA,NA
"384","Read This if You Want to Be a Great Writer","Raisin, Ross","9781786271976",NA,2021,NA,NA,"1786271974",136,2018,2018,NA,"productivity","non-fiction",NA,NA,NA
"385","A Photographic Guide To Mushrooms And Other Fungi Of New Zealand (Photographic Guide)","Ridley, G.S.","9781869661342",NA,2021,NA,NA,"1869661346",143,2006,2006,NA,"nature","non-fiction",NA,NA,NA
"386","Gravity Well","Joosten, Melanie","9781925322057",NA,2021,NA,NA,"192532205X",288,2017,2017,NA,"astronomy",NA,NA,NA,NA
"387","La caja y la luna: The box and the moon","Romero, Patricia","9788417268077",NA,2021,NA,"Vicky Collar","8417268073",30,2017,2017,NA,"spanish",NA,NA,NA,NA
"388","The Big, Bad Book of Botany: The World's Most Fascinating Flora","Largo, Michael",NA,NA,2021,NA,NA,NA,419,2014,2014,NA,"nature","non-fiction",NA,NA,NA
"389","Vedic Mathematics","Agrawala, V S","9.78812e+12",NA,2023,NA,"Jagadguru Sankaracarya Sri Bharati Krsna Tirthaji Maharaja of Govadharna Matha Puri",NA,355,2018,1992,NA,"hinduism;mathematics;india","non-fiction",NA,"own-physical",NA
"390","India's Security in a Turbulent World","Singh, Jasjit","9.78812e+12",NA,2023,NA,NA,NA,175,2015,2013,NA,"india","non-fiction",NA,"own-physical",NA
"391","Indian Society: Institutions and Change","Sharma, Rajendra K","9.78817e+12",NA,2023,NA,NA,NA,378,2022,2004,NA,"hinduism;india","non-fiction",NA,"own-physical",NA
"392","Principles of Indian Geography","Study IQ Education","9.78939e+12",NA,2023,NA,NA,NA,342,2022,2022,NA,"india;geography","non-fiction",NA,"own-physical",NA
"393","Indian History","Pandey, Manohar","9.78936e+12",NA,2023,NA,NA,"9358892021",472,2023,2023,NA,"india;history","non-fiction",NA,"own-physical",NA
"394","Indian Heritage, Art, and Culture","Bhagat, Madhukur Kumar","9.78939e+12",NA,2023,NA,NA,NA,NA,2022,2022,NA,"india;history","non-fiction",NA,"own-physical",NA
"395","Geek Girl","Smale, Holly",NA,NA,2015,NA,NA,NA,NA,NA,NA,NA,NA,NA,NA,NA,NA
"396","Model Misfit","Smale, Holly",NA,NA,2015,NA,NA,NA,NA,NA,NA,NA,NA,NA,NA,NA,NA
"397","Picture Perfect","Smale, Holly",NA,NA,2015,NA,NA,NA,NA,NA,NA,NA,NA,NA,NA,NA,NA
"398","All That Glitters","Smale, Holly",NA,NA,2015,NA,NA,NA,NA,NA,NA,NA,NA,NA,NA,NA,NA
"399","Sunny Side Up","Smale, Holly",NA,NA,2016,NA,NA,NA,NA,NA,NA,NA,NA,NA,NA,NA,NA
"400","Head Over Heels","Smale, Holly",NA,NA,2016,NA,NA,NA,NA,NA,NA,NA,NA,NA,NA,NA,NA
"401","Forever Geek","Smale, Holly",NA,NA,2017,NA,NA,NA,NA,NA,NA,NA,NA,NA,NA,NA,NA
"402","Fool's Gold: Color Me Consumed","Carson, Melody",NA,NA,2014,NA,NA,NA,NA,NA,NA,NA,NA,NA,NA,NA,NA
"403","Bitter Rose: Color Me Crushed","Carson, Melody",NA,NA,2014,NA,NA,NA,NA,NA,NA,NA,NA,NA,NA,NA,NA
"404","Faded Denim: Color Me Trapped","Carson, Melody",NA,NA,2014,NA,NA,NA,NA,NA,NA,NA,NA,NA,NA,NA,NA
"405","Moon White: Color Me Enchanted","Carson, Melody",NA,NA,2014,NA,NA,NA,NA,NA,NA,NA,NA,NA,NA,NA,NA
"406","Going Bovine","Bray, Libby",NA,NA,2015,NA,NA,NA,NA,NA,NA,NA,NA,NA,NA,NA,NA
"407","In case of emergency","Scott, E G",NA,NA,2021,NA,NA,NA,NA,NA,NA,NA,NA,NA,NA,NA,NA
"408","The relentless moon","Kowal, Mary Robinette",NA,NA,2021,NA,NA,NA,NA,NA,NA,NA,NA,NA,NA,NA,NA
"409","Radio Rebel",NA,NA,NA,NA,NA,NA,NA,NA,NA,NA,NA,NA,NA,NA,NA,NA
"410","An Introduction to the Sun and Stars","Green, Simon","9781107492639",NA,2018,NA,"Mark Jones","1107492637",380,NA,2015,NA,"astronomy","non-fiction","college","own-physical",NA
"411","Elsewhere","Zevin, Gabrielle","9780312367466",NA,2016,NA,NA,"312367465",277,2007,2005,NA,NA,NA,NA,NA,NA
"412","Clockwise (Clockwise, #1)","Strauss, Elle","9781466440968",NA,2015,NA,NA,"1466440961",285,2015,2011,NA,NA,NA,NA,NA,NA
"413","Entangled","Clarke, Cat","9781849163941",NA,2016,NA,NA,"1849163944",385,2017,2011,NA,NA,NA,NA,NA,NA
"414","Vedic Mathematics","Agrawala, V S","9788120801646",NA,2023,NA,"Jagadguru Sankaracarya Sri Bharati Krsna Tirthaji Maharaja of Govadharna Matha Puri",NA,355,2018,1992,NA,"hinduism;mathematics;india","non-fiction",NA,"own-physical",NA
"415","India's Security in a Turbulent World","Singh, Jasjit","9788123767598",NA,2023,NA,NA,NA,175,2015,2013,NA,"india","non-fiction",NA,"own-physical",NA
"416","Indian Society: Institutions and Change","Sharma, Rajendra K","9788171566662",NA,2023,NA,NA,NA,378,2022,2004,NA,"hinduism;india","non-fiction",NA,"own-physical",NA
"417","Principles of Indian Geography","Study IQ Education","9789389924947",NA,2023,NA,NA,NA,342,2022,2022,NA,"india;geography","non-fiction",NA,"own-physical",NA
"418","Indian History","Pandey, Manohar","9789358892024",NA,2023,NA,NA,"9358892021",472,2023,2023,NA,"india;history","non-fiction",NA,"own-physical",NA
"419","Indian Heritage, Art, and Culture","Bhagat, Madhukur Kumar","9789394168961",NA,2023,NA,NA,NA,NA,2022,2022,NA,"india;history","non-fiction",NA,"own-physical",NA
