Book Title,Author l-f,Additional Authors,ISBN-10,ISBN-13,Number of Pages,Year Published,Original Publication Year,Year Read,User Genre,Fiction Status,User Tags,Ownership Status,Buy?
Artificial Intelligence: A Modern Approach,"Russell, Stuart",Peter Norvig,0136042597,9780136042594,1152,2009,1994,2023,data-science,non-fiction,college,own-physical,
Data Mining: Practical Machine Learning Tools and Techniques (Morgan Kaufmann Series in Data Management Systems),"Witten, Ian H.","Eibe Frank, Mark A. Hall, Christopher J. Pal",0128042915,9780128042915,654,2016,1999,2022,data-science,non-fiction,college,own-physical,
An Introduction to Galaxies and Cosmology,"Jones, Mark H.","Robert J. A. Lambourne, Stephen Serjeant",1107492610,9781107492615,450,2015,2004,2018,astronomy,non-fiction,college,own-physical,
The Philosophical Breakfast Club: Four Remarkable Friends Who Transformed Science and Changed the World,"Snyder, Laura J.",,0767930487,9780767930482,448,2011,2011,2018,science,non-fiction,college,,y
"Physics: Volume 1: Asia-Pacific Edition (Physics, #1)","Serway, Raymond A.","John W. Jewett Jr., Kate  Wilson, Anna Wilson",,9780170189309,556,2012,2012,2018,physics,non-fiction,college,own-physical,
Understanding Machine Learning: From Theory To Algorithms,"INDIA, CAMBRIDGE",,1107512824,9781107512825,,2015,2014,2023,data-science,non-fiction,college,own-physical,
Mathematics for Machine Learning,"Deisenroth, Marc","A. Aldo Faisal, Cheng Soon Ong",110845514X,9781108455145,398,2020,2020,2022,data-science,non-fiction,college,own-physical,
An Introduction to the Sun and Stars,"Green, Simon",Mark Jones,1107492637,9.78111E+12,380,,2015,2018,astronomy,non-fiction,college,own-physical,
Elsewhere,"Zevin, Gabrielle",,312367465,9.78031E+12,277,2007,2005,2016,,,,,
An Abundance of Katherines,"Green, John",,0525476881,9780525476887,229,2006,2006,2014,,,,,
Eggs,"Spinelli, Jerry",,0316166464,9780316166461,224,2007,2007,2016,,,,,
Angel Cake,"Cassidy, Cathy",,0141384786,9780141384788,224,2009,2009,2014,,,,,
BOUND (#1 in The Crystor Series),"Bryant, C.K.",,,9781465791498,,2011,2011,2014,,,,,
Breath of Life (The Gaian Consortium #2),"Pope, Christine",,,,130,2011,2011,2015,,,,,
"Clockwise (Clockwise, #1)","Strauss, Elle",,1466440961,9.78147E+12,285,2015,2011,2015,,,,,
"Deep Blue Secret (The Water Keepers, #1)","Anderson, Christie",,1463768591,9781476298061,358,2012,2011,2015,,,,,
"City of the Falling Sky (Seckry Sequence, #1)","Evans, Joseph",,0957291205,9780957291201,392,2012,2011,2016,,,,,
Entangled,"Clarke, Cat",,1849163944,9.78185E+12,385,2017,2011,2016,,,,,
"A Corner of White (The Colours of Madeleine, #1)","Moriarty, Jaclyn",,0545397367,9780545397360,375,2013,2012,2014,,,,,
A French Girl in New York (The French Girl #1),"Adams, Anna",,,9781301560776,362,2013,2012,2015,,,,,
"Barbie Girl (Baby Doll, #1)","Acosta, Heidi",,,9781301739783,273,2012,2012,2015,,,,,
"A Hairy Tail (A Hairy Tail, #1)","Campbell, Jamie",,,,38,2013,2013,2015,,,,,
"After (After, #1)","Todd, Anna",,1476792488,9781476792484,582,2014,2014,2015,,,,,
"Love, Theoretically","Hazelwood, Ali",,1408725797,9781408725795,389,2023,2023,,,,to-read,,
The Do-Over,"Park, Suzanne",,0063216051,9780063216051,368,2023,2023,,,,to-read,,
Learning SPARQL: Querying and Updating with SPARQL 1.1,"DuCharme, Bob",,1449371434,9781449371432,384,2013,2011,2023,data-science,non-fiction,work,own-physical,
Grimm's Fairy Stories,"Grimm, Jacob",Wilhelm Grimm,,,144,2004,1812,2014,,,,,
The Complete Poems of John Keats,"Keats, John",,,,512,1994,1820,2021,classical,,,,y
The Secret Garden,"Burnett, Frances Hodgson",,0517189607,9780517189603,331,1998,1911,2007,,,,,y
Murder in the Cathedral,"Eliot, T.S.",,0156632772,9780156632775,148,1964,1936,2021,classical,,,,y
Blubber,"Blume, Judy",,,,127,2006,1974,2007,,,,,y
Alice's Adventures in Wonderland & Other Stories,"Carroll, Lewis",John Tenniel,1435122941,9781435122949,1165,2010,1982,2014,,,,,
Letters from the Inside,"Marsden, John",,0330397761,9780330397766,144,,1991,2013,,,,,
Gems and Crystals: From the American Museum of Natural History,"Harlow, George E.","Anna S. Sofianides, Harold Van Pelt, Erica Van Pelt",0671687042,9780671687045,208,1991,1991,2020,science,non-fiction,,,
"The Giver (The Giver, #1)","Lowry, Lois",,0385732554,9780385732550,208,2006,1993,2014,,,,,
Professional Hairdressing: The Official Guide to S/NVQ Level 3,"Green, Martin",Leo Palladino,1844806979,9781844806973,324,2007,1994,2021,,non-fiction,,,
"The Reed field guide to New Zealand geology: An introduction to rocks, minerals, and fossils","Thornton, Jocelyn",,0790004054,9780790004051,226,1997,1997,2021,nature,non-fiction,,,
I am not Esther,"Beale, Fleur",,,9781869799083,,2012,1998,2014,,,,,y
Colorful,"Mori, Eto",Ph∆∞∆°ng Th·∫£o,,9786045357255,280,2016,1998,2023,suspense,,,,
"The Elegant Universe: Superstrings, Hidden Dimensions, and the Quest for the Ultimate Theory","Greene, Brian",,039333810X,9780393338102,464,2010,1999,2015,physics,non-fiction,,own-physical,
Black Box,"Schumacher, Julie",,0385735421,9780385735421,176,2008,2000,2016,,,,,
Summertime Blues,"Clarke, Julia",,0192718711,9780192718716,192,2001,2001,2013,,,,,
Follow the Blue.,"Lowry, Brigid",,3423708549,9783423708548,,2004,2001,2014,,,,,
"Exodus (Exodus, #1)","Bertagna, Julie",,033039908X,9780330399081,337,2003,2002,2013,,,,,
"Hidden Empire (The Saga of Seven Suns, #1)","Anderson, Kevin J.",,0446610577,9780446610575,654,2003,2002,2015,,,,,
Missing Judy,"Cassidy, Anne",,043994998X,9780439949989,,2006,2002,2015,thriller;mystery;suspense,,,,
Freaky Green Eyes,"Oates, Joyce Carol",,0064473481,9780064473484,368,2005,2003,2014,,,,,
"The Secret Language of Girls (The Secret Language of Girls, #1)","Dowell, Frances O'Roark",,1416907173,9781416907176,247,2005,2004,2013,,,,,
"Earth Almanac: A Year of Witnessing the Wild, from the Call of the Loon to the Journey of the Gray Whale","Williams, Ted",Verlyn Klinkenborg,,,257,2020,2004,2021,nature,non-fiction,,,
"The Lightning Thief (Percy Jackson and the Olympians, #1)","Riordan, Rick",,,,377,2006,2005,2014,,,,,y
A Mango-Shaped Space,"Mass, Wendy",,0316058254,9780316058254,221,2005,2005,2014,,,,,y
Indigo Blue,"Cassidy, Cathy",,0141317841,9780141317847,185,2005,2005,2015,,,,,
"The Nannies (Nannies, #1)","Mayer, Melody",,038573283X,9780385732833,274,2005,2005,2017,,,,,
Double duel,"Boulicault, Nancy",,2916238018,9782916238012,95,2005,2005,2021,french,,,,
"Discount Diva (Zodiac Girls, #3)","Hopkins, Cathy",,0753461315,9780753461310,184,2007,2006,2012,,,,,
An Urgent Message of Wowness,"McCombie, Karen",,0439951143,9781407104386,256,2007,2006,2013,,,,,
"Sensational Spylet (Jane Blonde, #1)","Marshall, Jill",,,,260,2006,2006,2014,,,,,
Horus Rising (Horus Heresy #1),"Abnett, Dan",,,9780857870216,412,2010,2006,2015,,,,,
Nobody's Perfect (Deaf Child Crossing #2),"Matlin, Marlee",,1416949763,9781416949763,240,2007,2006,2017,,,,,
"Sophie's Secret (Whispers, #1)","West, Tara",,,,309,2012,2007,2014,,,,,
"The Melting of Maggie Bean (Maggie Bean, #1)","Rayburn, Tricia",,1416933484,9781416933489,250,2007,2007,2014,,,,,y
Waves,"Dogar, Sharon",,0439871808,9780439871808,344,2007,2007,2015,,,,,
"Summer of Secrets (21st Century Austen, #2)","Rushton, Rosie",,1853409073,9781853409073,176,2007,2007,2016,,,,,
The Transformation of Minna Hargreaves,"Beale, Fleur",,,,194,2012,2007,2016,,,,,
Art of Reading Minds,"Fexeus, Henrik",,1250236401,9781250236401,252,2019,2007,2020,,,,,
How to Ditch Your Fairy,"Larbalestier, Justine",,1599903016,9781599903019,304,2008,2008,2013,,,,,
The Truth About My Bat Mitzvah,"Baskin, Nora Raleigh",,1416935584,9781416935582,144,2008,2008,2014,,,,,
Gems & Minerals,"Landmann, Andreas",,0764330667,9780764330667,176,2008,2008,2023,nature,non-fiction,,,
Outside In,"Keighery, Chrissie",,1921502363,9781921502361,183,2012,2009,2013,,,,,
"Evermore (The Immortals, #1)","Noel, Alyson",,031253275X,9780312532758,301,2009,2009,2014,,,,,
Open Fire: Battle Boy 1,"Carter, Charlie",,,,57,2009,2009,2014,,,,,
Fill Out This Application and Wait Over There,"Starke, Ruth",,1862918473,9781862918474,288,2009,2009,2014,,,,,
Ice,"Durst, Sarah Beth",,141698643X,9781416986430,308,2009,2009,2014,,,,,
Shine On Daizy Star,"Cassidy, Cathy",,0141325194,9780141325194,192,2009,2009,2014,,,,,
End of the Alphabet,"Beale, Fleur",,,,,2012,2009,2014,,,,,
Leftovers,"Waldorf, Heather",,,,210,2013,2009,2015,,,,,
Season of Secrets,"Nicholls, Sally",,1407105132,9781407105130,272,2009,2009,2016,,,,,
The Dark Blue 100-Ride Bus Ticket,"Mahy, Margaret",,1869508165,9781869508166,160,2009,2009,2016,,,,,
Running in Heels,"Bailey, Helen",,1444900846,9781444900842,336,2011,2010,2013,,,,,
"The Book of Deacon (The Book of Deacon, #1)","Lallo, Joseph R.",Nick Deligaris,1470008955,9781470008956,322,2012,2010,2013,,,,,
Out of My Mind (The Out of My Mind Series),"Draper, Sharon M.",,141697170X,9781416971702,295,2010,2010,2013,,,,,
Shine,"Maryon, Kate",,0007326270,9780007326273,218,2010,2010,2013,,,,,y
"The Iron King (The Iron Fey, #1)","Kagawa, Julie",,0373210086,9780373210084,363,2010,2010,2013,,,,,
"Glimmerglass (Faeriewalker, #1)","Black, Jenna",,0312575939,9780312575939,294,2010,2010,2014,,,,,
"Hollowland (The Hollows, #1)","Hocking, Amanda",,1536897345,9781536897340,330,2016,2010,2014,,,,,
Oracle,"French, Jackie",,0732288401,9780732288402,352,2010,2010,2014,,,,,
"Tempest (Destroyers, #1)","Hook, Holly",,,,307,2017,2010,2014,,,,,
Fire Burn and Cauldron Bubble (Underworld #1),"Mallory, H.P.",,,,470,2021,2010,2015,,,,,
Insight (Insight #1; Web of Hearts and Souls #1),"Magee, Jamie",,,,405,2015,2010,2015,,,,,
"The Emerald Talisman (Talisman, #1)","Pandos, Brenda",,057805339X,9780578053394,288,2012,2010,2015,,,,,
"The Mind Readers (Mind Readers, #1)","Brighton, Lori",,,,170,2010,2010,2015,,,,,
"The Queen's Blade (The Queen's Blade, #1)","Southwell, T.C.",,,2940011160141,339,2010,2010,2015,,,,,
"A Chance for Charity (The Immortal Ones, #1)","Baum, S.L.",,1453778039,9781453778036,304,2010,2010,2016,,,,,
"Voyager, 101 Wonders Between Earth and the Edge of the Cosmos","Clark, Stuart",,1848879466,9781848879461,256,2010,2010,2020,astronomy,non-fiction,,,
Shift,"Bailey, Em",,1405282886,9781405282888,320,2016,2011,2013,,,,,
Whisper,"Keighery, Chrissie",,1921759321,9781921759321,256,2011,2011,2013,,,,,
"Frey (The Frey Saga, #1)","Wright, Melissa",,,,246,2011,2011,2013,,,,,
"Look Into My Eyes (Ruby Redfort, #1)","Child, Lauren",,0007334060,9780007334063,390,2011,2011,2013,,,,,
"Across the Universe (Across the Universe, #1)","Revis, Beth",,1595143971,9781595143976,399,2011,2011,2013,,,,,
"Galdoni (The Galdoni, #1)","Alsop, Cheree",,,,,2014,2011,2014,,,,,
Wide Awake (Academy of the Fallen #1),"Lanzarotta, Daniele",,,,280,2016,2011,2014,,,,,
"Bound (Arelia LaRue, #1)","Saito, Kira",,,2940032871132,153,2011,2011,2014,,,,,
Trefoil,"Moore, M.C.",,1466459670,9781466459670,234,2011,2011,2014,,,,,
"The Fallen Star (Fallen Star, #1)","Sorensen, Jessica",,,,419,2011,2011,2014,,,,,y
"Eternal Starling (Emblem of Eternity, #1)","Corbett, Angela",,,,,,2011,2015,,,,,
Finding Mr Flood,"Geraghty, Ciara",,1444757814,9781444757811,572,2012,2011,2015,,,,,
"Grey Eyes (The Forever Trilogy, #1)","Alston, Alston",,,,640,2011,2011,2015,,,,,
"Hidden Gem (Hidden Gem, #1)","Lee, India",,,9781458196330,,2011,2011,2015,,,,,
"Parallel (Travelers, #1)","Lefeve, Claudia",,,,266,2011,2011,2015,,,,,
"Stained (Stained, #1)","James, Ella",,,,254,2011,2011,2015,,,,,
"Stray (Touchstone, #1)","H√∂st, Andrea K.",,,,273,2011,2011,2015,,,,,
"Winterborne (Universe Unbound, #1)","Blythe, Augusta",,,,372,2019,2011,2015,,,,,
"Crossroads (Crossroads Saga, #1)","Ting, Mary",,1937085767,9781937085766,315,2011,2011,2015,,,,,
"Madly (Madly, #1)","Leighton, Michelle",,,,57,2011,2011,2015,,,,,
"Wander Dust (The Seraphina Parrish Trilogy, #1)","Warren, Michelle",,0984662103,9780984662104,374,2011,2011,2015,,,,,
"Water (Akasha, #1)","Harmony, Terra",,,,279,2011,2011,2015,,,,,
"Shatter Me (Shatter Me, #1)","Mafi, Tahereh",,0062085484,9780062085481,338,2011,2011,2015,,,,,
"Oddily (Oddily, #1)","Pohring, Linda",,,9781460985960,264,2011,2011,2015,,,,,
Rebirth (Rogues Shifter #1),"Parness, Gayle",,,,,2012,2011,2016,,,,,
Time's Daughter,"Breton, Anya",,,9781476136035,,2012,2011,2016,,,,,
"UnEnchanted (An Unfortunate Fairy Tale, #1)","Hahn, Chanda",,,,235,2011,2011,2016,,,,,
"Verity (Cursed, #1)","Farrell, Claire",,,,251,2011,2011,2016,,,,,
Wayward,"Girardi, Ashley",,,9781458137555,,2011,2011,2016,,,,,
"Anathema (Causal Enchantment, #1)","Tucker, K.A.",,0986915505,9780986915505,284,2011,2011,2016,,,,,
"Raven (The Raven Saga, #1)","Turner, Suzy",,,,273,2011,2011,2016,,,,,
"Redemption (Redemption, #1)","Ryals, R.K.",,1466392509,9781466392502,340,2011,2011,2016,,,,,
"The Rock Star's Daughter (Treadwell Academy, #1)","Duffy, Caitlyn",,0983398038,9780983398035,318,2011,2011,2016,,,,,
"The Girl Who Disappeared Twice (Forensic Instincts, Book 1)","Kane, Andrea",,,,394,2011,2011,2017,,,,,
Triple Ripple: A Fabulous Fairytale,"Lowry, Brigid",,1742692664,9781742692661,252,2011,2011,2017,,,,,
"Awakening (The Watchers, #1)","Bolton, Karice",,0615535186,9780615535180,312,2011,2011,2017,,,,,
"Eternal Eden (Eden Trilogy, #1)","Williams, Nicole",,,,394,2011,2011,2017,,,,,
Hidden Alaska: Bristol Bay and Beyond,"Atcheson, Dave",Michael Melford,1426207700,9781426207709,160,2011,2011,2021,nature,non-fiction,,,
Shadows of the Realm (The Circle of Talia #1),"Lister, Dionne",,098730786X,9780987307866,348,2012,2012,2013,,,,,
"Midnight Fire (Rise of the Dark Angel, #1)","Anne, Melody",,,,253,2012,2012,2014,,,,,
"Silence (Silence, #1)","Preston, Natasha",,,,206,2012,2012,2014,,,,,
In Your Dreams (In Your Dreams #1),"Martin, Amy",,,,,2012,2012,2015,,,,,
Sovereign Hope (The Hope Series #1),"Rose, Frankie",,,,393,2012,2012,2015,,,,,
"Whispers of the Damned (Ghost Games, #1)","Magee, Jamie",,,,189,2013,2012,2015,,,,,
"Evolution (Evolution, #1)","Carrero, Kelly",,,,219,2012,2012,2015,,,,,
Perception (The Perception Trilogy #1),"Strauss, Lee",,,,312,2016,2012,2015,,,,,
Snow White and the 7 Vampire Hunters,"Halstead, Kat",,,9781465850782,15,2012,2012,2015,,,,,
The Girl in the Converse Shoes,"Garcia, Yaritza",,,,10,2012,2012,2015,,,,,
The New Girl(Webster Grove #1),"Puckett, Tracie",,152380419X,9781523804191,122,2012,2012,2015,,,,,
Summer of My Secret Angel,"Shelly, Piper",Anna Katmore,,,474,2013,2012,2015,,,,,
Eleanor & Park,"Rowell, Rainbow",,1250012570,9781250012579,328,2013,2012,2015,,,,,
"Marking Time (The Immortal Descendants, #1)","White, April",,,,448,2022,2012,2016,,,,,
The Iron Butterfly (Iron Butterfly #1),"Hahn, Chanda",,1475070373,9781475070378,278,2012,2012,2016,,,,,
The Light Tamer,"Dawson, Devyn",,,9781476279503,,2012,2012,2016,,,,,
"Better Than Chocolate (Life in Icicle Falls, #1)","Roberts, Sheila",,077831345X,9780778313458,372,2012,2012,2016,,,,,
"The Game (The Game is Life, #1)","Schott, Terry",,,,289,2012,2012,2016,,,,,
"Wanted (Wanted, #1)","Elliott, Kelly","Nelson Hobbs, Arika Rapson",1452665524,9781452665528,,2013,2012,2016,,,,,
"Wake (Watersong, #1)","Hocking, Amanda",,1250005647,9781250005649,309,2013,2012,2017,,,,,
"Alone (The Girl in the Box, #1)","Crane, Robert J.",,,,166,2012,2012,2017,,,,,
"Barefoot Season (Blackberry Island, #1)","Mallery, Susan",,0778313387,9780778313380,368,2012,2012,2017,,,,,
Freaks Like Us,"Vaught, Susan",,1599908727,9781599908724,240,2012,2012,2017,,,,,
"Shadowfell (Shadowfell, #1)","Marillier, Juliet",,0375869549,9780375869549,410,2012,2012,2017,,,,,
"The Selection (The Selection, #1)","Cass, Kiera",,0062059939,9780062059932,336,2012,2012,2017,,,,,y
"Small Town Superhero (Small Town Superhero, #1)","Alsop, Cheree",,,,278,2014,2013,2013,,,,,
Free From the Tracks,"Bowes, K.T.",,,,,2013,2013,2013,,,,,
"Invisible (Invisible, #1)","Paterson, Cecily Anne",,,,270,2013,2013,2014,,,,,
"Rumors (Lingering Echoes, #0.5)","Kiefer, Erica",,1940534364,9781940534367,237,2013,2013,2014,,,,,
"Saving Wishes (Wishes, #1)","Walker-Smith, G.J.",,0987484516,9780987484512,368,2013,2013,2014,,,,,
"Planet Urth (Planet Urth, #1)","Martucci, Jennifer",,,,284,,2013,2014,,,,,
Mindspeak,"Sunseri, Heather",,0988715309,9780988715301,,2013,2013,2015,,,,,
"BlackMoon Beginnings (Prophesized, #1)","Hoyt, Kaitlyn",,,,248,2013,2013,2015,,,,,
Imperfect,"Chan, Tina",,,,,2013,2013,2015,,,,,
"Jaded (Rock Star trilogy, #1)","Amare, Mercy",,,,243,2013,2013,2015,,,,,
"When We Wake (When We Wake, #1)","Healey, Karen",,031620076X,9780316200769,304,2013,2013,2015,,,,,
Young Annabelle (Y.A #1),"Tork, Sarah",,,,227,2013,2013,2015,,,,,
Close Your Pretty Eyes,"Nicholls, Sally",,1407124323,9781407124322,292,2013,2013,2016,,,,,
"Dangerous (Dangerous Trilogy, #1)","Daniels, Suzannah",,,,214,2013,2013,2016,,,,,
It's Complicated,"Smith, Laura L.",,,,,2013,2013,2016,,,,,
"Perfectly Flawed (Flawed, #1)","Morgan, Nessa",,,9781311533586,644,2013,2013,2016,,,,,
Split Second,"McKenzie, Sophie",,1471115992,9781471115998,368,2014,2013,2016,,,,,
"The Fab Life (The Kihanna Saga, #1)","Amare, Mercy",,,,297,2013,2013,2016,,,,,
"Unbreakable (Unbreakable, #1)","Shea, Rebecca",,1489553207,9781489553201,314,2013,2013,2016,,,,,
"Jump (Twinmaker, #1)","Williams, Sean",,1743315864,9781743315866,416,2013,2013,2017,,,,,
Tesla (Tesla Evolution #1),"Lingane, Mark",,,9780992377946,284,2013,2013,2017,,,,,
Fox 8,"Saunders, George",,0812995325,9780812995329,21,2013,2013,2021,,,,,y
"Orientation (The Commorancy, #1)","Line, Al K.",,,,345,2014,2014,2014,,,,,
I Know Lucy (A Fugitive #1),"Pearl, Melissa",,,,228,2014,2014,2014,,,,,
"The Problem with Crazy (Crazy In Love, #1)","McKellar, Lauren K.",,0992452414,9780992452414,296,2014,2014,2014,,,,,
Frozen Charlotte: A Ghost Story,"Bell, Alex",,1338129384,9781338129380,297,2016,2014,2015,,,,,
"Never Forgotten (Never Forgotten, #1)","Risser, Kelly",,,9781940534534,380,2014,2014,2015,,,,,
Night Vision,"West, Ella",,1743317662,9781743317662,180,2014,2014,2016,,,,,
The Academy - Thief: Volume 1 (The Scarab Beetle Series) by C. L. Stone (2014-03-26),"Stone, C.L.",,,,,2014,2014,2016,,,,,
"Bound (Forbidden, #1)","Anne, Melody",,1500395447,9781500395445,484,2014,2014,2016,,,,,
"Breaking Rules (Breaking, #1)","Puckett, Tracie",,,,250,2014,2014,2016,,,,,
Ice (The Poseidon's Girls Trilogy Book 1),"Watson, M.S.",,,,163,2014,2014,2016,,,,,
"The Secret Diamond Sisters (The Secret Diamond Sisters, #1)","Madow, Michelle",,0373211090,9780373211098,382,2014,2014,2016,,,,,
"The Intern (The Intern, #1)","Tozer, Gabrielle",,0732297052,9780732297053,327,2014,2014,2017,,,,,
"Evensong (Meratis Trilogy, #1)","Walsh, Krista",,,,317,2014,2014,2017,,,,,
The Walker's Guide to Outdoor Clues and Signs,"Gooley, Tristan",,1444780107,,438,2014,2014,2020,nature,non-fiction,,,y
A History of America in Thirty-Six Postage Stamps,"West, Chris",,1250043689,9781250043689,352,2014,2014,2021,history,non-fiction,,,
Opulent Oceans: Extraordinary Rare Book Selections from the American Museum of Natural History Library (Natural Histories),"Stiassny, Melanie L.J.",,145491341X,9781454913412,176,2014,2014,2021,nature,non-fiction,,,
The Snowden Files: The Inside Story of the World's Most Wanted Man,"Harding, Luke",,0804173524,9780804173520,333,2014,2014,2021,history;biography,non-fiction,,,
The Gifting (Gifting #1),"Ganshert, K.E.",Heather Masters,,,,2016,2015,2015,,,,,
Diary of a Fat Girl (Burn Diaries Book 1),"Mugweni, Moira",,,,242,2018,2015,2016,,,,,
The Ones We Trust,"Belle, Kimberly",,,,301,2015,2015,2017,,,,,
Spectacle,"Pierce, S.J.",,,,,2015,2015,2017,,,,,
Remembering Christchurch,"Parr, Alison",,,9780143573371,256,2015,2015,2021,history;new-zealand,non-fiction,,,y
"Visual Intelligence: Sharpen Your Perception, Change Your Life","Herman, Amy E.",,,,341,2016,2015,2021,productivity,non-fiction,,,y
Seeking New York,"Miller, Tom",,1910258008,9781910258002,256,2015,2015,2021,history,non-fiction,,,y
The Book of Samurai: The Fundamental Teachings,"Cummins, Antony",Yoshie Minami,1780288883,9781780288888,544,2015,2015,2021,,non-fiction,,,y
"The Leveller (The Leveller, #1)","Durango, Julia",,0062314009,9780062314000,256,2015,2015,2023,,,,,
Never Never,"Hoover, Colleen",Tarryn Fisher,1335004882,9781335004888,416,2023,2016,2016,,,,,
"Harry Potter and the Cursed Child: Parts One and Two (Harry Potter, #8)","Rowling, J.K.","Jack Thorne, John Tiffany",,,343,2016,2016,2021,,,,,
The Barber Book,"Press, Phaidon",,0714871044,9780714871042,192,2016,2016,2021,,non-fiction,,,
Dark Matter,"Crouch, Blake",,1101904224,9781101904220,352,2016,2016,2023,thriller,,,,
The Chalk Artist,"Goodman, Allegra",,,,352,2017,2017,2020,,,,,
Idaho,"Ruskovich, Emily",,,,320,2017,2017,2021,,,,,y
"The Rise and Fall of D.O.D.O. (D.O.D.O., #1)","Stephenson, Neal",Nicole Galland,0062409166,9780062409164,752,2017,2017,2021,,,,,
"Waking Gods (Themis Files, #2)","Neuvel, Sylvain",,1101886722,9781101886724,336,2017,2017,2021,,,,,
"A Conspiracy in Belgravia (Lady Sherlock, #2)","Thomas, Sherry",,,,,2017,2017,2021,,,,,
Calling Major Tom,"Barnett, David M.",,,,338,2017,2017,2021,,,,,
No One Can Pronounce My Name,"Satyal, Rakesh",,,,402,2017,2017,2021,,,,,
Eleanor Oliphant Is Completely Fine,"Honeyman, Gail",,0008172145,9780008172145,390,2018,2017,2023,,,,,
"The Child Finder (Naomi Cottle, #1)","Denfeld, Rene",,0062659057,9780062659057,274,2017,2017,2023,,,,,
"Calculated Deception (The Calculated, #1)","Lee, K.T.",,1947870009,9781947870000,258,2017,2017,2023,thriller;mystery;suspense,,,,
Ways to Hide in Winter,"Vincent, Sarah St.",,,,233,2018,2018,2020,,,,,y
The Skeptics' Guide to the Universe: How to Know What's Really Real in a World Increasingly Full of Fake,"Novella, Steven","Bob Novella, Cara Santa Maria, Jay Novella, Evan Bernstein",1538760533,9781538760536,512,2018,2018,2020,science,non-fiction,,,
Foe,"Reid, Iain",,1501103474,9781501103476,224,2018,2018,2021,,,,,
The Perils of Perception: Why We're Wrong About Nearly Everything,"Duffy, Bobby",,,,320,2018,2018,2021,productivity,non-fiction,,,
You Were Made for This,"Sacks, Michelle",,0316475408,9780316475402,341,2018,2018,2021,thriller;mystery;suspense,,,,
Time Bomb,"Charbonneau, Joelle",,0544416708,9780544416703,340,2018,2018,2023,suspense;mystery,,,,
Emily Eternal,"Wheaton, M.G.",,1538730391,9781538730393,304,2019,2019,2020,,,,,
Guestbook: Ghost Stories,"Shapton, Leanne",,1846144930,9781846144936,305,2019,2019,2020,,,,,
Platform Seven,"Doughty, Louise",,0571321941,9780571321940,448,2019,2019,2020,,,,,
"Middlegame (Alchemical Journeys, #1)","McGuire, Seanan",Amber Benson,,9781250223357,18,2019,2019,2021,,,,,y
10 Minutes 38 Seconds in This Strange World,"Shafak, Elif",,0241293863,9780241293867,312,2019,2019,2021,,,,,
"The Daughters of Temperance Hobbs (The Physick Book, #2)","Howe, Katherine",,1250304865,9781250304865,338,2019,2019,2021,,,,,y
Under the Water,"Pen, Paul",Simon Bruni,1542042062,9781542042062,313,2019,2019,2021,thriller;mystery;suspense,,,,y
The Heavens,"Newman, Sandra",,1783784849,9781783784844,272,2019,2019,2021,,,,,
Triangulum,"Ntshanga, Masande",,1937512770,9781937512774,384,2019,2019,2021,,,,,
"Gamechanger (The Bounceback, #1)","Beckett, L.X.",,,,576,2019,2019,2021,,,,,
Lights All Night Long,"Fitzpatrick, Lydia",,0525558756,9780525558750,340,2020,2019,2021,,,,,
Zed,"Kavenna, Joanna",,,,352,2019,2019,2021,,,,,
"Dead Astronauts (Borne, #2)","VanderMeer, Jeff",,,,352,2019,2019,2021,,,,,
The Dreamers,"Walker, Karen Thompson",,0812994167,9780812994162,303,2019,2019,2021,,,,,
Face of Death (Zoe Prime #1),"Gold, Stella",Blake Pierce,,,226,2019,2019,2023,,,,,
Echoes of Another,"Clarke, Chandra",,,9780973039580,355,2020,2020,2020,,,,,
The Butterfly Lampshade,"Bender, Aimee",,,,255,2020,2020,2020,,,,,
Bubblegum,"Levin, Adam","Mark Deakins, Michael Crouch, Julia Whelan",0593169344,9780593169346,36,2020,2020,2021,,,,,
"American Sherlock: Murder, Forensics, and the Birth of American CSI","Dawson, Kate Winkler",,0525539557,9780525539551,336,2020,2020,2021,history;biography,non-fiction,,,y
Coming Up for Air,"Leipciger, Sarah",,1487006500,9781487006501,320,2020,2020,2021,,,,,
The Lightness,"Temple, Emily",,,,275,2020,2020,2021,,,,,
2084 Video Study: Artificial Intelligence and the Future of Humanity,"Lennox, John C.",,0310109604,9780310109600,,2020,2020,2021,,non-fiction,,,
Not Born Yesterday: The Science of Who We Trust and What We Believe,"Mercier, Hugo",,0691178704,9780691178707,384,2020,2020,2021,productivity,non-fiction,,,
A Star Is Bored,"Lane, Byron",,1250266491,9781250266491,343,2020,2020,2021,,,,,
Reality and Other Stories,"Lanchester, John",,039354091X,9780393540918,192,2021,2020,2021,,,,,
Five Total Strangers,"Richards, Natalie D.",,,,299,,2020,2023,thriller,,,,y
Vera Rubin: A Life,"Mitton, Jacqueline","Simon Mitton, Jocelyn Bell Burnell",067491919X,9780674919198,320,2021,2021,2021,history;biography;astronomy,non-fiction,,,y
"One Night, New York","Thompson, Lara",,1643138391,9781643138398,336,2021,2021,2021,,,,,
Driftwood,"Cassidy, Cathy",,,,,,2011,2013,,,,,
"Ignite (Project Integrate, #0.5)","Campbell, Jamie",,,,48,2013,2013,2015,,,,,
Insanity (Mad in Wonderland - Alice Wonder series) Books 1 - 5,"Jace, Cameron",,,,1386,2018,2014,2015,,,,,
Stargazing for Dummies,"Owens, Steve",,1118411579,9781118411575,352,2013,2013,2018,astronomy,non-fiction,,own-physical,
Reading the Clouds: How You Can Forecast the Weather,"Perkins, Oliver","Tom Cunliffe, Duncan Wells",1472960181,9781472960184,128,2019,2019,2020,nature,non-fiction,,,
The Tree,"Woldendorp, Richard",,1925591697,9781925591699,144,2019,2013,2020,nature,non-fiction,,,
Read This if You Want to Be a Great Writer,"Raisin, Ross",,1786271974,9781786271976,136,2018,2018,2021,productivity,non-fiction,,,
A Photographic Guide To Mushrooms And Other Fungi Of New Zealand (Photographic Guide),"Ridley, G.S.",,1869661346,9781869661342,143,2006,2006,2021,nature,non-fiction,,,
Gravity Well,"Joosten, Melanie",,192532205X,9781925322057,288,2017,2017,2021,astronomy,,,,
La caja y la luna: The box and the moon,"Romero, Patricia",Vicky Collar,8417268073,9788417268077,30,2017,2017,2021,spanish,,,,
"The Big, Bad Book of Botany: The World's Most Fascinating Flora","Largo, Michael",,,,419,2014,2014,2021,nature,non-fiction,,,
Vedic Mathematics,"Agrawala, V S",Jagadguru Sankaracarya Sri Bharati Krsna Tirthaji Maharaja of Govadharna Matha Puri,,9.78812E+12,355,2018,1992,2023,hinduism;mathematics;india,non-fiction,,own-physical,
India's Security in a Turbulent World,"Singh, Jasjit",,,9.78812E+12,175,2015,2013,2023,india,non-fiction,,own-physical,
Indian Society: Institutions and Change,"Sharma, Rajendra K",,,9.78817E+12,378,2022,2004,2023,hinduism;india,non-fiction,,own-physical,
Principles of Indian Geography,Study IQ Education,,,9.78939E+12,342,2022,2022,2023,india;geography,non-fiction,,own-physical,
Indian History,"Pandey, Manohar",,9358892021,9.78936E+12,472,2023,2023,2023,india;history,non-fiction,,own-physical,
"Indian Heritage, Art, and Culture","Bhagat, Madhukur Kumar",,,9.78939E+12,,2022,2022,2023,india;history,non-fiction,,own-physical,
Geek Girl,"Smale, Holly",,,,,,,2015,,,,,
Model Misfit,"Smale, Holly",,,,,,,2015,,,,,
Picture Perfect,"Smale, Holly",,,,,,,2015,,,,,
All That Glitters,"Smale, Holly",,,,,,,2015,,,,,
Sunny Side Up,"Smale, Holly",,,,,,,2016,,,,,
Head Over Heels,"Smale, Holly",,,,,,,2016,,,,,
Forever Geek,"Smale, Holly",,,,,,,2017,,,,,
Fool's Gold: Color Me Consumed,"Carson, Melody",,,,,,,2014,,,,,
Bitter Rose: Color Me Crushed,"Carson, Melody",,,,,,,2014,,,,,
Faded Denim: Color Me Trapped,"Carson, Melody",,,,,,,2014,,,,,
Moon White: Color Me Enchanted,"Carson, Melody",,,,,,,2014,,,,,
Going Bovine,"Bray, Libby",,,,,,,2015,,,,,
In case of emergency,"Scott, E G",,,,,,,2021,,,,,
The relentless moon,"Kowal, Mary Robinette",,,,,,,2021,,,,,
Radio Rebel,,,,,,,,,,,,,